PetID,Date,ProcedureType,ProcedureSubCode
A8-1181,1/10/2016,VACCINATIONS,5
E7-3766,1/11/2016,VACCINATIONS,5
B8-8740,1/11/2016,VACCINATIONS,5
D4-9443,1/11/2016,VACCINATIONS,5
F6-3398,1/12/2016,HOSPITALIZATION,1
E2-6642,1/12/2016,VACCINATIONS,5
A4-1165,1/12/2016,VACCINATIONS,5
F9-9345,1/12/2016,VACCINATIONS,5
F3-9375,1/12/2016,VACCINATIONS,5
F9-5311,1/12/2016,GENERAL SURGERIES,6
E0-7735,1/12/2016,GENERAL SURGERIES,3
D2-8905,1/13/2016,VACCINATIONS,5
E8-8379,1/13/2016,VACCINATIONS,5
C7-1080,1/13/2016,VACCINATIONS,5
A0-3535,1/13/2016,VACCINATIONS,5
F0-5332,1/13/2016,VACCINATIONS,5
D7-2363,1/13/2016,VACCINATIONS,5
D2-8747,1/13/2016,VACCINATIONS,5
A1-3776,1/13/2016,VACCINATIONS,5
E6-4462,1/13/2016,GENERAL SURGERIES,14
E9-6803,1/13/2016,GROOMING,3
C4-2411,1/13/2016,GROOMING,3
C6-1472,1/13/2016,GROOMING,1
B3-1131,1/14/2016,GROOMING,1
D2-6081,1/15/2016,GENERAL SURGERIES,3
E7-3627,1/16/2016,ORTHOPEDIC,2
C1-8723,1/16/2016,VACCINATIONS,3
F5-7375,1/16/2016,VACCINATIONS,5
F6-8666,1/16/2016,VACCINATIONS,5
F6-8478,1/16/2016,VACCINATIONS,5
E0-6211,1/16/2016,VACCINATIONS,5
F3-2539,1/16/2016,VACCINATIONS,5
F3-8555,1/16/2016,VACCINATIONS,5
A4-4159,1/16/2016,VACCINATIONS,5
A3-3339,1/16/2016,VACCINATIONS,5
D8-6677,1/16/2016,VACCINATIONS,5
A2-4947,1/16/2016,VACCINATIONS,5
B9-6218,1/16/2016,VACCINATIONS,5
D6-2236,1/16/2016,VACCINATIONS,5
D4-4625,1/16/2016,VACCINATIONS,5
B2-9810,1/16/2016,VACCINATIONS,5
C1-9941,1/16/2016,VACCINATIONS,5
B3-8928,1/16/2016,VACCINATIONS,5
D0-1215,1/16/2016,VACCINATIONS,5
D0-6732,1/16/2016,VACCINATIONS,5
B1-3264,1/16/2016,VACCINATIONS,5
B0-4748,1/16/2016,GENERAL SURGERIES,6
E2-7605,1/16/2016,GROOMING,3
C0-7481,1/16/2016,GROOMING,1
B1-9230,1/16/2016,GROOMING,1
D9-8608,1/16/2016,GROOMING,1
D7-1251,1/17/2016,GROOMING,1
A6-8584,1/17/2016,ORTHOPEDIC,8
B0-6294,1/18/2016,VACCINATIONS,5
A8-9910,1/18/2016,GROOMING,1
D3-5820,1/18/2016,GENERAL SURGERIES,3
A7-2884,1/19/2016,OFFICE FEES,3
E5-2832,1/19/2016,ORTHOPEDIC,5
D6-9256,1/20/2016,VACCINATIONS,5
F9-2733,1/20/2016,GROOMING,1
D8-2576,1/21/2016,VACCINATIONS,5
T0-3277,1/22/2016,VACCINATIONS,5
A4-8539,1/22/2016,VACCINATIONS,5
A1-9741,1/22/2016,VACCINATIONS,5
C1-1858,1/22/2016,VACCINATIONS,5
F8-3495,1/22/2016,VACCINATIONS,5
F9-3299,1/22/2016,VACCINATIONS,5
A5-2650,1/22/2016,VACCINATIONS,5
F3-9496,1/22/2016,VACCINATIONS,5
B2-6133,1/22/2016,VACCINATIONS,5
F5-1385,1/22/2016,GROOMING,1
A0-1450,1/22/2016,GENERAL SURGERIES,3
B1-4859,1/23/2016,VACCINATIONS,5
F9-1493,1/23/2016,VACCINATIONS,5
D6-9926,1/23/2016,GENERAL SURGERIES,15
F2-8019,1/23/2016,GROOMING,1
E2-6946,1/24/2016,VACCINATIONS,5
C9-5042,1/24/2016,VACCINATIONS,5
B9-1264,1/24/2016,GROOMING,3
A3-5972,1/25/2016,GENERAL SURGERIES,15
C2-9911,1/25/2016,VACCINATIONS,5
F6-1914,1/26/2016,VACCINATIONS,5
C4-2260,1/26/2016,VACCINATIONS,5
E6-6214,1/26/2016,VACCINATIONS,5
A2-9373,1/26/2016,VACCINATIONS,5
D4-9277,1/26/2016,VACCINATIONS,5
E4-7320,1/26/2016,GROOMING,1
B1-2049,1/26/2016,GENERAL SURGERIES,3
C6-4302,1/27/2016,VACCINATIONS,5
A3-8070,1/27/2016,VACCINATIONS,5
A8-5040,1/27/2016,VACCINATIONS,5
D7-6389,1/27/2016,VACCINATIONS,5
C7-7440,1/27/2016,VACCINATIONS,5
F1-9184,1/27/2016,VACCINATIONS,5
A4-7721,1/27/2016,VACCINATIONS,5
F2-4402,1/27/2016,VACCINATIONS,5
D6-4471,1/27/2016,VACCINATIONS,5
E2-5546,1/27/2016,VACCINATIONS,5
D5-6806,1/27/2016,VACCINATIONS,5
F9-1466,1/27/2016,VACCINATIONS,5
E0-2041,1/27/2016,VACCINATIONS,5
E7-8695,1/27/2016,GENERAL SURGERIES,1
F4-6400,1/27/2016,ORTHOPEDIC,5
C9-8071,1/27/2016,GROOMING,3
F3-9541,1/28/2016,VACCINATIONS,5
F8-4572,1/28/2016,VACCINATIONS,5
C1-5134,1/28/2016,OFFICE FEES,3
A9-7671,1/28/2016,GROOMING,3
A5-7559,1/28/2016,GROOMING,3
E2-1630,1/28/2016,GROOMING,1
G6-6501,1/29/2016,VACCINATIONS,5
B4-6502,1/29/2016,VACCINATIONS,5
C0-7460,1/29/2016,VACCINATIONS,5
C2-7928,1/30/2016,VACCINATIONS,5
E9-8282,1/30/2016,VACCINATIONS,5
A4-2907,1/30/2016,VACCINATIONS,5
C1-3686,1/30/2016,VACCINATIONS,5
F9-8266,1/30/2016,VACCINATIONS,5
D6-3379,1/30/2016,VACCINATIONS,5
A9-3405,1/30/2016,VACCINATIONS,5
B9-8353,1/30/2016,VACCINATIONS,5
E9-2544,1/30/2016,HOSPITALIZATION,1
E1-9181,1/30/2016,GENERAL SURGERIES,18
F9-3687,1/30/2016,GROOMING,2
P9-3625,1/30/2016,ORTHOPEDIC,7
E1-9503,1/30/2016,GENERAL SURGERIES,19
E4-8705,1/30/2016,OFFICE FEES,2
A3-4617,1/30/2016,GROOMING,3
B8-6241,1/30/2016,GENERAL SURGERIES,3
F6-3162,1/31/2016,VACCINATIONS,5
F3-4759,1/31/2016,VACCINATIONS,5
B4-7920,1/31/2016,VACCINATIONS,5
F2-7061,1/31/2016,VACCINATIONS,5
B7-5851,1/31/2016,VACCINATIONS,5
C0-6664,1/31/2016,VACCINATIONS,5
F6-4268,1/31/2016,VACCINATIONS,5
B2-2017,1/31/2016,VACCINATIONS,5
B8-2517,1/31/2016,GENERAL SURGERIES,3
E7-5113,1/31/2016,GENERAL SURGERIES,3
B4-6485,2/1/2016,GROOMING,3
D8-7114,2/1/2016,VACCINATIONS,5
A2-5739,2/1/2016,VACCINATIONS,5
F3-5155,2/1/2016,VACCINATIONS,5
D8-6514,2/1/2016,VACCINATIONS,5
D4-6512,2/1/2016,VACCINATIONS,5
B2-4806,2/1/2016,VACCINATIONS,5
C9-1148,2/1/2016,VACCINATIONS,5
B5-4935,2/1/2016,VACCINATIONS,5
C7-7326,2/1/2016,VACCINATIONS,5
F9-8230,2/1/2016,VACCINATIONS,5
F2-6880,2/1/2016,VACCINATIONS,5
C2-3512,2/1/2016,VACCINATIONS,5
D7-7044,2/1/2016,VACCINATIONS,5
D8-5384,2/1/2016,VACCINATIONS,5
A5-2808,2/1/2016,VACCINATIONS,5
B0-5839,2/1/2016,VACCINATIONS,5
C2-9908,2/1/2016,VACCINATIONS,5
B1-8628,2/1/2016,VACCINATIONS,5
C6-4979,2/1/2016,GENERAL SURGERIES,6
F5-3309,2/1/2016,GROOMING,3
A4-3651,2/1/2016,GROOMING,1
D3-7384,2/1/2016,GENERAL SURGERIES,3
F5-1543,2/1/2016,GENERAL SURGERIES,3
C1-9890,2/1/2016,GENERAL SURGERIES,3
F0-4365,2/2/2016,ORTHOPEDIC,6
E1-7733,2/2/2016,VACCINATIONS,5
E3-2802,2/2/2016,VACCINATIONS,5
F1-1855,2/2/2016,VACCINATIONS,5
E0-5967,2/2/2016,VACCINATIONS,5
D4-8234,2/2/2016,VACCINATIONS,5
E0-7827,2/2/2016,VACCINATIONS,5
C6-3257,2/2/2016,VACCINATIONS,5
B6-1552,2/2/2016,VACCINATIONS,5
D8-6012,2/2/2016,VACCINATIONS,5
D4-9241,2/2/2016,VACCINATIONS,5
C8-6128,2/2/2016,VACCINATIONS,5
E7-8773,2/2/2016,VACCINATIONS,5
A8-8130,2/2/2016,GENERAL SURGERIES,16
E9-5340,2/2/2016,GENERAL SURGERIES,6
E3-2967,2/2/2016,GENERAL SURGERIES,15
D9-7894,2/2/2016,GROOMING,3
A4-3081,2/2/2016,GROOMING,3
E1-2237,2/2/2016,GROOMING,3
B3-5354,2/2/2016,GROOMING,3
C0-3201,2/2/2016,GROOMING,1
B3-1819,2/2/2016,GROOMING,1
E5-4383,2/2/2016,GROOMING,1
B5-2410,2/2/2016,GENERAL SURGERIES,3
C5-7835,2/2/2016,GENERAL SURGERIES,3
B9-1595,2/3/2016,GENERAL SURGERIES,13
A0-7808,2/3/2016,VACCINATIONS,5
B5-6904,2/3/2016,VACCINATIONS,5
D5-6820,2/3/2016,VACCINATIONS,5
F1-3022,2/3/2016,VACCINATIONS,5
A0-8561,2/3/2016,VACCINATIONS,5
F3-2098,2/3/2016,VACCINATIONS,5
C9-8216,2/3/2016,VACCINATIONS,5
E0-1548,2/3/2016,VACCINATIONS,5
A3-6462,2/3/2016,VACCINATIONS,5
F3-4260,2/3/2016,VACCINATIONS,5
E9-7775,2/3/2016,VACCINATIONS,5
A0-1401,2/3/2016,VACCINATIONS,5
C1-5203,2/3/2016,VACCINATIONS,5
B1-6150,2/3/2016,VACCINATIONS,5
B7-8246,2/3/2016,VACCINATIONS,5
F4-7043,2/3/2016,VACCINATIONS,5
D7-4201,2/3/2016,VACCINATIONS,5
C5-5165,2/3/2016,VACCINATIONS,5
A7-7991,2/3/2016,VACCINATIONS,5
E4-6373,2/3/2016,VACCINATIONS,5
A1-9112,2/3/2016,VACCINATIONS,5
A9-8945,2/3/2016,VACCINATIONS,5
B1-2523,2/3/2016,VACCINATIONS,5
F5-4982,2/3/2016,VACCINATIONS,5
D0-5056,2/3/2016,VACCINATIONS,5
F1-6576,2/3/2016,VACCINATIONS,5
F7-7614,2/3/2016,VACCINATIONS,5
A7-3727,2/3/2016,VACCINATIONS,5
A1-1194,2/3/2016,VACCINATIONS,5
A2-7760,2/3/2016,VACCINATIONS,5
F1-3836,2/3/2016,VACCINATIONS,5
D1-8781,2/3/2016,VACCINATIONS,3
D9-8287,2/3/2016,VACCINATIONS,4
A9-9449,2/3/2016,GENERAL SURGERIES,7
B5-2832,2/3/2016,GENERAL SURGERIES,9
E3-5361,2/3/2016,OFFICE FEES,1
E1-5919,2/3/2016,GROOMING,1
E5-4359,2/3/2016,GROOMING,3
A7-3673,2/3/2016,GENERAL SURGERIES,19
F1-7260,2/3/2016,GROOMING,3
E9-4456,2/3/2016,GROOMING,3
F3-3517,2/3/2016,GROOMING,3
E3-7139,2/3/2016,GROOMING,3
A6-9716,2/3/2016,GROOMING,1
B2-8637,2/4/2016,ORTHOPEDIC,5
C4-5068,2/4/2016,GENERAL SURGERIES,16
B2-1752,2/4/2016,VACCINATIONS,5
F1-2010,2/4/2016,ORTHOPEDIC,5
D2-5135,2/4/2016,VACCINATIONS,5
F2-9033,2/4/2016,VACCINATIONS,5
B1-2648,2/4/2016,VACCINATIONS,5
E9-9945,2/4/2016,VACCINATIONS,5
D1-7489,2/4/2016,VACCINATIONS,5
C9-7278,2/4/2016,VACCINATIONS,5
F9-8302,2/4/2016,VACCINATIONS,5
B1-1334,2/4/2016,VACCINATIONS,5
B8-6504,2/4/2016,VACCINATIONS,5
C7-2237,2/4/2016,VACCINATIONS,5
E1-5806,2/4/2016,VACCINATIONS,5
F0-3352,2/4/2016,VACCINATIONS,5
E1-8520,2/4/2016,VACCINATIONS,5
A7-4137,2/4/2016,VACCINATIONS,5
C9-4217,2/4/2016,VACCINATIONS,5
F7-7253,2/4/2016,VACCINATIONS,5
D3-2476,2/4/2016,VACCINATIONS,5
B8-8081,2/4/2016,VACCINATIONS,5
A3-5037,2/4/2016,VACCINATIONS,5
A2-2526,2/4/2016,VACCINATIONS,5
D4-9966,2/4/2016,VACCINATIONS,5
D5-4332,2/4/2016,VACCINATIONS,5
S1-2243,2/4/2016,VACCINATIONS,5
F9-5575,2/4/2016,VACCINATIONS,5
F2-5739,2/4/2016,VACCINATIONS,5
F4-7761,2/4/2016,VACCINATIONS,5
A4-9650,2/4/2016,VACCINATIONS,5
D0-2164,2/4/2016,VACCINATIONS,5
E4-3255,2/4/2016,VACCINATIONS,5
E1-8627,2/4/2016,VACCINATIONS,5
D3-2205,2/4/2016,VACCINATIONS,5
E8-2284,2/4/2016,VACCINATIONS,5
A5-3937,2/4/2016,VACCINATIONS,5
C2-5584,2/4/2016,VACCINATIONS,5
A2-7264,2/4/2016,VACCINATIONS,5
E8-9939,2/4/2016,VACCINATIONS,5
F7-8626,2/4/2016,VACCINATIONS,5
B4-9091,2/4/2016,VACCINATIONS,5
B1-2893,2/4/2016,VACCINATIONS,5
A5-2515,2/4/2016,VACCINATIONS,5
F7-2469,2/4/2016,VACCINATIONS,5
D6-7805,2/4/2016,GENERAL SURGERIES,4
B0-6704,2/4/2016,GENERAL SURGERIES,15
B6-7361,2/4/2016,GENERAL SURGERIES,18
E0-2574,2/4/2016,GROOMING,2
B7-5312,2/4/2016,GENERAL SURGERIES,6
B5-5447,2/4/2016,GENERAL SURGERIES,15
D2-3078,2/4/2016,VACCINATIONS,4
C9-7706,2/4/2016,OFFICE FEES,1
F0-3540,2/4/2016,VACCINATIONS,1
F2-6557,2/4/2016,OFFICE FEES,2
C3-7498,2/4/2016,ORTHOPEDIC,6
E8-2444,2/4/2016,GROOMING,3
B2-8208,2/4/2016,GROOMING,3
A0-3807,2/4/2016,GROOMING,3
B5-4607,2/4/2016,GROOMING,3
C0-4733,2/4/2016,GROOMING,1
B6-1117,2/4/2016,GROOMING,1
E8-8843,2/4/2016,GROOMING,1
D9-5725,2/4/2016,GROOMING,1
D2-4100,2/4/2016,GROOMING,1
B4-3006,2/4/2016,GENERAL SURGERIES,3
C4-7151,2/4/2016,GENERAL SURGERIES,3
B9-2793,2/4/2016,GENERAL SURGERIES,3
F5-4982,2/5/2016,VACCINATIONS,5
E3-7139,2/5/2016,VACCINATIONS,5
A6-9716,2/5/2016,VACCINATIONS,5
A2-7760,2/5/2016,VACCINATIONS,5
C8-7144,2/5/2016,VACCINATIONS,5
C2-1689,2/5/2016,VACCINATIONS,5
L8-0046,2/5/2016,VACCINATIONS,5
L4-6292,2/5/2016,VACCINATIONS,5
F0-2939,2/5/2016,VACCINATIONS,5
A0-5525,2/5/2016,VACCINATIONS,5
D9-6225,2/5/2016,VACCINATIONS,5
D8-6334,2/5/2016,VACCINATIONS,5
E5-4359,2/5/2016,VACCINATIONS,5
E5-3942,2/5/2016,VACCINATIONS,5
C5-4916,2/5/2016,VACCINATIONS,5
D2-7195,2/5/2016,VACCINATIONS,5
D4-1708,2/5/2016,VACCINATIONS,5
C2-2838,2/5/2016,VACCINATIONS,5
A7-4137,2/5/2016,OFFICE FEES,2
F7-7857,2/5/2016,ORTHOPEDIC,1
E2-4838,2/5/2016,GROOMING,3
A8-8590,2/5/2016,GROOMING,3
B4-6876,2/5/2016,GROOMING,3
D0-9649,2/5/2016,GROOMING,3
E3-5361,2/5/2016,GROOMING,1
B2-9275,2/5/2016,GENERAL SURGERIES,3
B2-7885,2/5/2016,GENERAL SURGERIES,3
E0-8441,2/6/2016,VACCINATIONS,5
E3-1497,2/6/2016,VACCINATIONS,5
A5-8260,2/6/2016,VACCINATIONS,5
A4-2248,2/7/2016,VACCINATIONS,5
C1-4682,2/7/2016,VACCINATIONS,5
A7-9987,2/8/2016,VACCINATIONS,5
C1-4714,2/8/2016,VACCINATIONS,5
D3-5018,2/8/2016,GENERAL SURGERIES,3
C4-8926,2/9/2016,VACCINATIONS,5
E6-3533,2/9/2016,VACCINATIONS,5
A7-3911,2/9/2016,VACCINATIONS,5
A9-9428,2/9/2016,VACCINATIONS,5
E7-6384,2/9/2016,VACCINATIONS,5
B6-8892,2/9/2016,GROOMING,3
A9-4641,2/10/2016,VACCINATIONS,5
F4-1704,2/10/2016,VACCINATIONS,5
C2-1337,2/10/2016,VACCINATIONS,5
D3-7426,2/10/2016,VACCINATIONS,5
D8-1800,2/10/2016,VACCINATIONS,5
F9-6190,2/11/2016,VACCINATIONS,5
F6-6115,2/11/2016,VACCINATIONS,5
A2-4671,2/11/2016,ORTHOPEDIC,3
D1-9261,2/11/2016,GENERAL SURGERIES,2
E0-2753,2/11/2016,GROOMING,3
C2-6368,2/12/2016,VACCINATIONS,5
A3-2798,2/12/2016,VACCINATIONS,5
F1-7752,2/12/2016,VACCINATIONS,5
F9-9933,2/12/2016,VACCINATIONS,5
D4-5028,2/12/2016,VACCINATIONS,5
D2-2020,2/12/2016,VACCINATIONS,5
B9-3752,2/12/2016,VACCINATIONS,5
E2-2033,2/12/2016,VACCINATIONS,5
E2-7936,2/12/2016,VACCINATIONS,5
E1-6927,2/12/2016,VACCINATIONS,5
F3-9115,2/12/2016,ORTHOPEDIC,9
A3-1183,2/12/2016,GENERAL SURGERIES,1
A0-4733,2/12/2016,VACCINATIONS,6
B3-1168,2/12/2016,HOSPITALIZATION,1
C2-3535,2/12/2016,GENERAL SURGERIES,4
B8-4259,2/12/2016,GROOMING,3
C6-8243,2/12/2016,GROOMING,3
A3-5322,2/12/2016,GROOMING,1
A7-3019,2/12/2016,GROOMING,1
F6-3873,2/13/2016,GROOMING,1
B7-3540,2/13/2016,GENERAL SURGERIES,3
D4-3750,2/14/2016,VACCINATIONS,5
D6-9533,2/14/2016,VACCINATIONS,5
A7-7555,2/14/2016,VACCINATIONS,5
E3-4963,2/14/2016,VACCINATIONS,5
E8-3761,2/14/2016,VACCINATIONS,5
D6-2684,2/14/2016,VACCINATIONS,5
C3-9183,2/14/2016,VACCINATIONS,5
C4-8815,2/14/2016,VACCINATIONS,5
B0-5802,2/14/2016,VACCINATIONS,5
A7-3506,2/14/2016,OFFICE FEES,3
F5-2497,2/14/2016,GROOMING,3
C7-7153,2/14/2016,GENERAL SURGERIES,3
D1-7498,2/15/2016,VACCINATIONS,5
D1-9074,2/15/2016,VACCINATIONS,5
D3-7223,2/15/2016,VACCINATIONS,5
D4-8554,2/15/2016,VACCINATIONS,5
F6-9885,2/15/2016,VACCINATIONS,5
E9-3314,2/15/2016,GENERAL SURGERIES,13
C3-2459,2/15/2016,ORTHOPEDIC,3
E0-8592,2/15/2016,GROOMING,3
E7-8730,2/15/2016,GROOMING,1
F0-6016,2/16/2016,VACCINATIONS,5
C6-3197,2/17/2016,VACCINATIONS,5
F4-4884,2/17/2016,VACCINATIONS,5
A4-9436,2/17/2016,VACCINATIONS,5
A4-7393,2/17/2016,VACCINATIONS,5
D3-4358,2/17/2016,VACCINATIONS,5
E0-7663,2/17/2016,VACCINATIONS,5
B2-1670,2/17/2016,ORTHOPEDIC,5
A5-3457,2/17/2016,ORTHOPEDIC,2
A6-1028,2/17/2016,GROOMING,3
A2-3366,2/18/2016,VACCINATIONS,5
C5-7376,2/19/2016,VACCINATIONS,5
D0-4907,2/19/2016,ORTHOPEDIC,2
D1-6212,2/20/2016,VACCINATIONS,5
E8-5660,2/20/2016,VACCINATIONS,5
D5-8435,2/20/2016,VACCINATIONS,5
B5-1820,2/20/2016,GROOMING,3
A4-5279,2/20/2016,GROOMING,3
B1-1998,2/20/2016,GROOMING,1
C1-9947,2/20/2016,GENERAL SURGERIES,3
C2-3480,2/21/2016,VACCINATIONS,5
E3-6395,2/21/2016,GROOMING,1
A0-1431,2/21/2016,GROOMING,1
C4-5242,2/22/2016,VACCINATIONS,5
E1-4995,2/22/2016,VACCINATIONS,5
C0-7684,2/22/2016,GROOMING,3
D1-9223,2/22/2016,GROOMING,3
D2-8546,2/22/2016,GROOMING,1
E3-6585,2/23/2016,VACCINATIONS,5
B3-8004,2/23/2016,VACCINATIONS,5
F0-7008,2/23/2016,GENERAL SURGERIES,12
B7-9290,2/23/2016,GROOMING,3
C1-9770,2/23/2016,GROOMING,1
E7-3175,2/24/2016,VACCINATIONS,5
B7-6111,2/24/2016,VACCINATIONS,5
A9-9647,2/24/2016,VACCINATIONS,5
D0-5839,2/24/2016,VACCINATIONS,5
B7-4694,2/24/2016,VACCINATIONS,5
C9-7696,2/24/2016,VACCINATIONS,5
C4-3648,2/24/2016,GROOMING,3
A4-6889,2/24/2016,GROOMING,1
B2-8893,2/24/2016,GENERAL SURGERIES,3
C1-5026,2/25/2016,VACCINATIONS,5
D5-1836,2/26/2016,VACCINATIONS,5
F9-9079,2/26/2016,VACCINATIONS,5
E5-7443,2/26/2016,VACCINATIONS,5
D6-9607,2/26/2016,VACCINATIONS,5
F1-8792,2/26/2016,GROOMING,1
D6-2044,2/26/2016,GROOMING,1
C6-7943,2/27/2016,GENERAL SURGERIES,9
E8-3864,2/27/2016,VACCINATIONS,5
F9-3672,2/27/2016,VACCINATIONS,5
A2-1285,2/27/2016,VACCINATIONS,5
A2-4123,2/27/2016,VACCINATIONS,5
D0-5238,2/27/2016,GENERAL SURGERIES,6
B8-9914,2/27/2016,GROOMING,1
C6-7109,2/28/2016,VACCINATIONS,5
B9-5137,2/28/2016,VACCINATIONS,5
B2-9592,2/28/2016,VACCINATIONS,5
A2-9349,2/28/2016,VACCINATIONS,5
B1-3078,2/28/2016,ORTHOPEDIC,4
D5-9432,3/1/2016,VACCINATIONS,5
E3-8987,3/1/2016,GENERAL SURGERIES,7
C1-5255,3/2/2016,VACCINATIONS,5
C9-8635,3/2/2016,VACCINATIONS,5
E4-2239,3/2/2016,GROOMING,3
A7-9530,3/2/2016,GROOMING,1
E6-7676,3/2/2016,GROOMING,1
A9-7776,3/3/2016,VACCINATIONS,5
E0-8798,3/3/2016,VACCINATIONS,5
E3-9315,3/3/2016,VACCINATIONS,5
B3-2375,3/3/2016,VACCINATIONS,5
A6-4499,3/3/2016,VACCINATIONS,5
C7-6206,3/3/2016,VACCINATIONS,5
C7-9572,3/3/2016,VACCINATIONS,5
A2-8934,3/3/2016,VACCINATIONS,5
D6-5047,3/3/2016,VACCINATIONS,5
B3-5840,3/3/2016,VACCINATIONS,5
F9-6669,3/3/2016,VACCINATIONS,5
B1-6048,3/3/2016,VACCINATIONS,5
B4-2626,3/3/2016,VACCINATIONS,2
F0-1841,3/3/2016,GENERAL SURGERIES,14
D1-6080,3/3/2016,GENERAL SURGERIES,3
B0-2336,3/3/2016,GROOMING,3
A7-3368,3/3/2016,GROOMING,1
E9-7875,3/3/2016,GROOMING,1
B8-1051,3/3/2016,GROOMING,1
F3-9665,3/3/2016,GROOMING,1
D8-3259,3/4/2016,VACCINATIONS,5
D1-8748,3/4/2016,VACCINATIONS,5
E2-1113,3/4/2016,GROOMING,1
E8-7338,3/5/2016,GENERAL SURGERIES,19
F0-1803,3/5/2016,VACCINATIONS,5
A4-5058,3/5/2016,VACCINATIONS,5
E6-5708,3/5/2016,VACCINATIONS,5
A9-7145,3/5/2016,VACCINATIONS,5
A2-7664,3/5/2016,VACCINATIONS,5
E9-8974,3/5/2016,OFFICE FEES,2
E4-4188,3/5/2016,VACCINATIONS,5
B4-7162,3/5/2016,GENERAL SURGERIES,8
A4-1709,3/5/2016,GROOMING,1
A5-1898,3/5/2016,GROOMING,1
B4-2952,3/6/2016,VACCINATIONS,1
C0-4090,3/6/2016,VACCINATIONS,5
D8-6722,3/6/2016,VACCINATIONS,5
D7-4919,3/6/2016,VACCINATIONS,5
E0-3260,3/6/2016,VACCINATIONS,2
A4-9499,3/7/2016,VACCINATIONS,5
C7-6854,3/7/2016,VACCINATIONS,5
B6-7104,3/7/2016,GENERAL SURGERIES,17
B1-2533,3/8/2016,VACCINATIONS,5
C6-3389,3/8/2016,VACCINATIONS,5
A6-1691,3/8/2016,VACCINATIONS,5
F8-9618,3/8/2016,VACCINATIONS,5
C7-5415,3/8/2016,VACCINATIONS,5
E9-9541,3/8/2016,VACCINATIONS,5
E2-7226,3/8/2016,VACCINATIONS,5
C2-9073,3/8/2016,VACCINATIONS,6
F1-8420,3/8/2016,GROOMING,3
D0-2638,3/8/2016,GROOMING,3
E8-8745,3/8/2016,GENERAL SURGERIES,3
F7-6031,3/9/2016,VACCINATIONS,5
C3-4567,3/9/2016,VACCINATIONS,5
F7-3734,3/9/2016,VACCINATIONS,5
E9-1952,3/9/2016,GROOMING,1
A3-9779,3/10/2016,VACCINATIONS,5
B2-8885,3/10/2016,VACCINATIONS,5
E6-8656,3/10/2016,VACCINATIONS,5
F5-8086,3/10/2016,VACCINATIONS,5
A8-3007,3/10/2016,VACCINATIONS,5
F8-4592,3/10/2016,VACCINATIONS,5
C4-3911,3/10/2016,VACCINATIONS,5
C9-2990,3/10/2016,VACCINATIONS,5
C8-6467,3/10/2016,VACCINATIONS,5
A4-4835,3/10/2016,VACCINATIONS,5
E1-3828,3/10/2016,VACCINATIONS,5
B2-2557,3/10/2016,VACCINATIONS,5
F2-9685,3/10/2016,VACCINATIONS,5
D1-6758,3/10/2016,VACCINATIONS,5
B7-4192,3/10/2016,VACCINATIONS,5
F4-8195,3/10/2016,VACCINATIONS,5
E6-3149,3/10/2016,VACCINATIONS,5
E8-2043,3/10/2016,VACCINATIONS,5
B2-6359,3/10/2016,ORTHOPEDIC,9
F7-6823,3/10/2016,GENERAL SURGERIES,5
C0-8794,3/10/2016,GENERAL SURGERIES,16
B4-9640,3/10/2016,HOSPITALIZATION,1
F9-7294,3/10/2016,GENERAL SURGERIES,14
E3-5616,3/10/2016,GENERAL SURGERIES,13
C2-3302,3/10/2016,GROOMING,3
A1-5963,3/10/2016,GROOMING,1
E0-5516,3/10/2016,GROOMING,1
D0-5546,3/10/2016,GROOMING,1
E9-3231,3/10/2016,GROOMING,1
A7-1825,3/10/2016,GROOMING,1
F6-2215,3/11/2016,VACCINATIONS,3
E1-8186,3/12/2016,GENERAL SURGERIES,11
F6-8218,3/12/2016,VACCINATIONS,5
B7-2720,3/12/2016,VACCINATIONS,5
C6-7597,3/12/2016,VACCINATIONS,5
B7-9878,3/12/2016,VACCINATIONS,5
D7-4643,3/12/2016,GENERAL SURGERIES,9
F7-8503,3/12/2016,GROOMING,3
C0-3052,3/13/2016,ORTHOPEDIC,4
C4-1508,3/14/2016,GROOMING,1
E5-5442,3/14/2016,GENERAL SURGERIES,3
D2-7311,3/15/2016,VACCINATIONS,5
D2-4992,3/16/2016,VACCINATIONS,5
A3-9874,3/16/2016,GROOMING,3
C1-9531,3/17/2016,ORTHOPEDIC,7
D6-9627,3/17/2016,VACCINATIONS,5
B4-1785,3/17/2016,VACCINATIONS,5
D5-6602,3/17/2016,VACCINATIONS,5
F1-4380,3/17/2016,VACCINATIONS,5
A8-2508,3/17/2016,VACCINATIONS,5
A6-6221,3/17/2016,VACCINATIONS,5
F5-4589,3/17/2016,VACCINATIONS,5
E6-7344,3/17/2016,GROOMING,3
A3-7285,3/18/2016,ORTHOPEDIC,3
B0-2930,3/18/2016,VACCINATIONS,5
E8-3254,3/18/2016,VACCINATIONS,5
D7-9837,3/18/2016,VACCINATIONS,5
D7-6225,3/18/2016,VACCINATIONS,5
D1-1354,3/18/2016,VACCINATIONS,5
C1-3706,3/18/2016,VACCINATIONS,5
X0-8765,3/18/2016,VACCINATIONS,5
B9-4366,3/18/2016,ORTHOPEDIC,5
C6-2794,3/18/2016,GENERAL SURGERIES,15
A3-5254,3/19/2016,VACCINATIONS,5
D4-3029,3/19/2016,VACCINATIONS,5
D7-3283,3/19/2016,VACCINATIONS,5
D5-6056,3/19/2016,VACCINATIONS,5
D2-3331,3/19/2016,VACCINATIONS,5
A6-4632,3/19/2016,VACCINATIONS,5
B9-3509,3/19/2016,VACCINATIONS,5
A8-8385,3/19/2016,VACCINATIONS,5
E9-5128,3/19/2016,GENERAL SURGERIES,5
E1-2059,3/19/2016,GROOMING,1
B4-3712,3/19/2016,GROOMING,1
A8-2857,3/20/2016,VACCINATIONS,5
E9-6048,3/20/2016,GROOMING,3
C2-9695,3/21/2016,VACCINATIONS,5
C3-8581,3/21/2016,VACCINATIONS,5
F5-4688,3/21/2016,GENERAL SURGERIES,8
B2-8456,3/21/2016,GENERAL SURGERIES,2
C9-3239,3/22/2016,VACCINATIONS,5
E8-8203,3/23/2016,VACCINATIONS,5
E9-2241,3/23/2016,VACCINATIONS,5
B0-5593,3/23/2016,VACCINATIONS,5
E7-8541,3/23/2016,VACCINATIONS,5
D3-8928,3/24/2016,VACCINATIONS,5
B0-1278,3/24/2016,GROOMING,1
E6-9450,3/25/2016,VACCINATIONS,5
A3-9420,3/26/2016,GENERAL SURGERIES,16
D7-6538,3/27/2016,GROOMING,3
F7-3023,3/28/2016,GENERAL SURGERIES,18
B0-6022,3/28/2016,VACCINATIONS,5
E6-7455,3/28/2016,VACCINATIONS,5
E1-3210,3/28/2016,VACCINATIONS,5
D3-2503,3/28/2016,VACCINATIONS,5
F7-1464,3/28/2016,VACCINATIONS,5
B5-3330,3/28/2016,VACCINATIONS,5
D3-2365,3/28/2016,VACCINATIONS,5
D6-9676,3/28/2016,VACCINATIONS,5
B4-1641,3/28/2016,VACCINATIONS,5
F0-7168,3/28/2016,VACCINATIONS,5
C4-1498,3/28/2016,VACCINATIONS,5
B2-6917,3/28/2016,GENERAL SURGERIES,1
E3-4254,3/28/2016,GROOMING,3
D1-6636,3/28/2016,GROOMING,3
F0-4848,3/28/2016,GROOMING,3
A1-9318,3/28/2016,GROOMING,1
C5-6385,3/28/2016,GENERAL SURGERIES,3
C5-8648,3/28/2016,GENERAL SURGERIES,3
B6-5946,3/29/2016,VACCINATIONS,5
E8-4074,3/29/2016,VACCINATIONS,5
C6-7811,3/29/2016,GROOMING,3
E6-7371,3/29/2016,GROOMING,3
C4-4367,3/30/2016,VACCINATIONS,5
E6-1657,3/30/2016,GROOMING,3
D6-5549,3/31/2016,VACCINATIONS,5
B4-5805,3/31/2016,VACCINATIONS,5
D1-6433,3/31/2016,GENERAL SURGERIES,9
B5-4140,3/31/2016,GROOMING,3
B0-4477,3/31/2016,GROOMING,3
F8-9840,4/1/2016,VACCINATIONS,5
D2-4654,4/2/2016,VACCINATIONS,5
F1-5049,4/3/2016,VACCINATIONS,5
A6-8426,4/3/2016,VACCINATIONS,5
A3-6495,4/3/2016,GENERAL SURGERIES,3
A1-4582,4/3/2016,GENERAL SURGERIES,7
C5-4011,4/3/2016,GENERAL SURGERIES,8
C5-5352,4/3/2016,ORTHOPEDIC,8
F5-6837,4/3/2016,GENERAL SURGERIES,3
F3-2041,4/4/2016,VACCINATIONS,5
D0-5533,4/5/2016,VACCINATIONS,5
A6-5210,4/6/2016,GENERAL SURGERIES,5
B1-7785,4/6/2016,VACCINATIONS,5
D1-1472,4/6/2016,VACCINATIONS,5
E1-7518,4/6/2016,VACCINATIONS,5
E0-3224,4/6/2016,GROOMING,3
C7-4736,4/7/2016,VACCINATIONS,5
F0-3403,4/7/2016,GROOMING,1
D6-7790,4/7/2016,GROOMING,1
D7-5632,4/8/2016,OFFICE FEES,3
E6-5907,4/8/2016,VACCINATIONS,5
F5-2884,4/8/2016,VACCINATIONS,5
A3-9671,4/8/2016,VACCINATIONS,5
D3-8098,4/8/2016,GENERAL SURGERIES,3
A4-4793,4/9/2016,VACCINATIONS,5
E1-7685,4/9/2016,GENERAL SURGERIES,3
C1-8597,4/10/2016,VACCINATIONS,5
F2-6425,4/11/2016,VACCINATIONS,5
E7-5172,4/11/2016,VACCINATIONS,5
D3-2277,4/11/2016,VACCINATIONS,5
D4-1716,4/12/2016,GROOMING,3
D3-8526,4/12/2016,GROOMING,1
B7-3601,4/12/2016,GROOMING,1
A2-5885,4/12/2016,GENERAL SURGERIES,3
E9-3443,4/13/2016,GENERAL SURGERIES,4
F9-3083,4/13/2016,VACCINATIONS,5
E6-5291,4/13/2016,VACCINATIONS,5
D9-8920,4/13/2016,VACCINATIONS,5
E8-6865,4/13/2016,VACCINATIONS,2
F4-4875,4/13/2016,ORTHOPEDIC,4
A0-2451,4/13/2016,ORTHOPEDIC,6
E7-8493,4/13/2016,GROOMING,3
D1-7417,4/13/2016,GROOMING,1
C4-3408,4/13/2016,GENERAL SURGERIES,3
F7-1023,4/14/2016,VACCINATIONS,5
D2-4296,4/15/2016,VACCINATIONS,5
D1-8305,4/15/2016,VACCINATIONS,5
B2-6387,4/15/2016,ORTHOPEDIC,6
C6-7550,4/15/2016,GROOMING,3
E9-7710,4/16/2016,GROOMING,3
C0-5269,4/16/2016,VACCINATIONS,5
E3-7534,4/16/2016,VACCINATIONS,5
D8-4388,4/16/2016,OFFICE FEES,2
C2-5206,4/17/2016,VACCINATIONS,5
A7-7003,4/17/2016,GENERAL SURGERIES,3
A1-8671,4/18/2016,VACCINATIONS,5
C2-3896,4/18/2016,VACCINATIONS,5
B5-2816,4/18/2016,GENERAL SURGERIES,12
A1-8434,4/18/2016,VACCINATIONS,3
F7-3220,4/18/2016,GROOMING,1
E4-1612,4/18/2016,GENERAL SURGERIES,3
E0-6663,4/19/2016,VACCINATIONS,5
C2-1924,4/20/2016,VACCINATIONS,5
F5-7839,4/21/2016,VACCINATIONS,5
E0-8777,4/21/2016,VACCINATIONS,5
C5-6902,4/21/2016,VACCINATIONS,5
D0-6180,4/21/2016,VACCINATIONS,5
F1-8270,4/21/2016,VACCINATIONS,5
A0-8265,4/21/2016,VACCINATIONS,5
B0-9880,4/21/2016,VACCINATIONS,5
B6-6570,4/21/2016,VACCINATIONS,5
F3-8731,4/21/2016,VACCINATIONS,5
F1-5334,4/21/2016,GENERAL SURGERIES,5
D1-9737,4/21/2016,GENERAL SURGERIES,3
A1-3013,4/21/2016,GROOMING,3
A1-9137,4/21/2016,GROOMING,3
C3-4713,4/21/2016,GROOMING,3
B1-4228,4/21/2016,GROOMING,1
A8-6049,4/21/2016,GENERAL SURGERIES,3
C3-3960,4/22/2016,VACCINATIONS,5
C8-8500,4/22/2016,VACCINATIONS,5
D7-5675,4/22/2016,VACCINATIONS,5
C0-4991,4/22/2016,VACCINATIONS,5
B4-9052,4/22/2016,VACCINATIONS,5
B8-8675,4/22/2016,VACCINATIONS,5
E0-1683,4/22/2016,VACCINATIONS,5
C3-5600,4/22/2016,VACCINATIONS,5
F8-6584,4/22/2016,VACCINATIONS,5
B4-2867,4/22/2016,VACCINATIONS,5
C3-9378,4/22/2016,ORTHOPEDIC,9
B3-5602,4/22/2016,ORTHOPEDIC,1
C6-6156,4/22/2016,GROOMING,3
F0-9964,4/22/2016,GENERAL SURGERIES,3
F2-7936,4/23/2016,VACCINATIONS,5
F2-9012,4/24/2016,GENERAL SURGERIES,7
C6-4745,4/24/2016,VACCINATIONS,5
A3-8186,4/24/2016,VACCINATIONS,5
B3-5004,4/24/2016,VACCINATIONS,5
D2-5733,4/24/2016,VACCINATIONS,5
D4-9252,4/24/2016,VACCINATIONS,5
B3-3944,4/24/2016,VACCINATIONS,5
E2-3339,4/24/2016,VACCINATIONS,5
C4-4133,4/24/2016,VACCINATIONS,5
B8-8512,4/24/2016,OFFICE FEES,1
E1-6562,4/24/2016,GROOMING,3
D0-6552,4/24/2016,GROOMING,1
D2-2745,4/25/2016,VACCINATIONS,5
E5-6695,4/25/2016,VACCINATIONS,5
B7-3339,4/25/2016,VACCINATIONS,5
F5-1064,4/25/2016,VACCINATIONS,5
F4-7604,4/25/2016,GROOMING,1
F6-5223,4/25/2016,GROOMING,1
C7-9881,4/26/2016,VACCINATIONS,5
A2-4973,4/26/2016,VACCINATIONS,5
E2-7949,4/27/2016,GROOMING,3
D7-2846,4/27/2016,GROOMING,1
C9-8024,4/28/2016,GENERAL SURGERIES,2
E7-7110,4/28/2016,GENERAL SURGERIES,16
D1-6425,4/29/2016,GROOMING,1
F2-3197,4/30/2016,VACCINATIONS,5
B5-5790,4/30/2016,VACCINATIONS,5
F3-3466,4/30/2016,VACCINATIONS,5
D3-7579,4/30/2016,GENERAL SURGERIES,10
F1-7459,4/30/2016,GROOMING,1
E1-6258,5/1/2016,GENERAL SURGERIES,3
F7-8439,5/1/2016,VACCINATIONS,5
F4-5144,5/1/2016,VACCINATIONS,5
C3-4396,5/1/2016,VACCINATIONS,5
D6-3496,5/1/2016,VACCINATIONS,5
F0-4994,5/1/2016,VACCINATIONS,5
A3-6376,5/1/2016,VACCINATIONS,5
A1-1742,5/1/2016,VACCINATIONS,5
D3-9134,5/1/2016,VACCINATIONS,5
A9-2074,5/1/2016,VACCINATIONS,1
D3-4634,5/1/2016,GROOMING,3
B8-7786,5/1/2016,GROOMING,1
A7-2523,5/1/2016,GROOMING,1
D1-2539,5/1/2016,GENERAL SURGERIES,3
E5-3122,5/2/2016,VACCINATIONS,5
B7-4774,5/2/2016,VACCINATIONS,5
F5-1447,5/2/2016,VACCINATIONS,5
D7-3030,5/2/2016,ORTHOPEDIC,7
D4-8061,5/2/2016,GROOMING,3
F8-4837,5/2/2016,GROOMING,1
A9-3070,5/2/2016,GENERAL SURGERIES,3
E6-1780,5/3/2016,GENERAL SURGERIES,11
C5-8352,5/3/2016,GROOMING,1
E8-7263,5/4/2016,VACCINATIONS,3
C2-4785,5/4/2016,GENERAL SURGERIES,15
F5-5248,5/4/2016,VACCINATIONS,5
B5-5254,5/4/2016,VACCINATIONS,5
C2-6230,5/4/2016,VACCINATIONS,5
A0-8253,5/4/2016,VACCINATIONS,5
D7-3760,5/4/2016,VACCINATIONS,5
C9-6165,5/4/2016,VACCINATIONS,5
B7-4958,5/4/2016,VACCINATIONS,5
E3-4426,5/4/2016,VACCINATIONS,5
F4-3913,5/4/2016,VACCINATIONS,5
J8-7429,5/4/2016,VACCINATIONS,5
C5-9190,5/4/2016,VACCINATIONS,5
A9-1684,5/4/2016,GENERAL SURGERIES,9
E6-7012,5/4/2016,GENERAL SURGERIES,2
C0-8177,5/4/2016,GROOMING,3
F8-3070,5/4/2016,GROOMING,1
F8-8355,5/4/2016,GENERAL SURGERIES,3
E3-2957,5/5/2016,VACCINATIONS,5
B0-5062,5/5/2016,VACCINATIONS,5
A0-8054,5/5/2016,ORTHOPEDIC,7
F5-3221,5/5/2016,GENERAL SURGERIES,5
F0-6673,5/6/2016,VACCINATIONS,5
C6-8837,5/6/2016,VACCINATIONS,5
D9-6902,5/6/2016,GROOMING,1
B2-9330,5/6/2016,GROOMING,1
D5-2771,5/7/2016,VACCINATIONS,5
B3-9518,5/7/2016,VACCINATIONS,5
C9-1880,5/7/2016,VACCINATIONS,5
A9-1889,5/7/2016,VACCINATIONS,5
B7-8147,5/7/2016,VACCINATIONS,5
A5-6350,5/7/2016,VACCINATIONS,5
F2-9640,5/7/2016,VACCINATIONS,5
D3-4833,5/7/2016,VACCINATIONS,5
D2-4021,5/7/2016,GENERAL SURGERIES,10
B1-5023,5/7/2016,OFFICE FEES,3
F5-5166,5/7/2016,GENERAL SURGERIES,3
F8-6837,5/8/2016,VACCINATIONS,5
F4-3527,5/8/2016,VACCINATIONS,5
C1-1225,5/8/2016,VACCINATIONS,5
A5-2936,5/8/2016,VACCINATIONS,5
A2-4752,5/8/2016,VACCINATIONS,5
D7-8521,5/8/2016,VACCINATIONS,5
E9-5103,5/8/2016,VACCINATIONS,5
F0-5461,5/8/2016,VACCINATIONS,5
E6-5071,5/8/2016,VACCINATIONS,5
B5-3524,5/8/2016,VACCINATIONS,5
B3-8856,5/8/2016,VACCINATIONS,5
C2-1585,5/8/2016,VACCINATIONS,5
C2-6725,5/8/2016,VACCINATIONS,5
E6-5903,5/8/2016,VACCINATIONS,5
J8-7429,5/8/2016,VACCINATIONS,5
E1-5634,5/8/2016,VACCINATIONS,5
A2-7915,5/8/2016,VACCINATIONS,5
B2-3135,5/8/2016,VACCINATIONS,5
A6-4349,5/8/2016,ORTHOPEDIC,8
B2-8858,5/8/2016,VACCINATIONS,2
Q9-1565,5/8/2016,GROOMING,3
D3-2809,5/8/2016,GROOMING,3
D3-9324,5/8/2016,GROOMING,1
D5-5195,5/9/2016,VACCINATIONS,5
D9-8847,5/9/2016,VACCINATIONS,5
D6-1121,5/9/2016,VACCINATIONS,5
F6-2414,5/9/2016,VACCINATIONS,5
F5-4822,5/10/2016,VACCINATIONS,5
B5-5174,5/10/2016,VACCINATIONS,5
A4-1125,5/10/2016,VACCINATIONS,5
A3-9009,5/10/2016,VACCINATIONS,5
C2-3404,5/10/2016,VACCINATIONS,5
B2-5852,5/11/2016,GENERAL SURGERIES,3
F3-6068,5/12/2016,VACCINATIONS,5
B0-1919,5/12/2016,VACCINATIONS,5
B9-3345,5/12/2016,VACCINATIONS,5
E8-3779,5/12/2016,VACCINATIONS,5
B3-4802,5/12/2016,VACCINATIONS,5
F5-2914,5/12/2016,VACCINATIONS,5
B2-6363,5/12/2016,VACCINATIONS,5
E1-2057,5/12/2016,VACCINATIONS,5
C4-7963,5/12/2016,VACCINATIONS,5
B5-6264,5/12/2016,VACCINATIONS,5
D8-6253,5/12/2016,VACCINATIONS,5
E7-4589,5/12/2016,VACCINATIONS,5
B8-5856,5/12/2016,VACCINATIONS,5
B2-2505,5/12/2016,ORTHOPEDIC,8
F4-2747,5/12/2016,GROOMING,3
F6-2828,5/12/2016,GROOMING,3
C5-2046,5/12/2016,GROOMING,1
E8-6168,5/12/2016,GROOMING,1
D8-7734,5/13/2016,GENERAL SURGERIES,12
E7-1431,5/14/2016,VACCINATIONS,5
F9-6558,5/14/2016,VACCINATIONS,5
A4-6543,5/14/2016,VACCINATIONS,5
B1-3302,5/14/2016,ORTHOPEDIC,1
C8-3402,5/14/2016,GROOMING,3
E5-9793,5/14/2016,GROOMING,3
B7-1707,5/15/2016,VACCINATIONS,5
B2-5302,5/15/2016,VACCINATIONS,5
F0-5154,5/15/2016,VACCINATIONS,5
B6-7331,5/15/2016,VACCINATIONS,5
E5-1136,5/15/2016,VACCINATIONS,5
B0-1797,5/15/2016,GENERAL SURGERIES,15
C8-9662,5/15/2016,ORTHOPEDIC,8
B1-7849,5/15/2016,VACCINATIONS,6
F1-9976,5/15/2016,GROOMING,3
A9-9826,5/15/2016,GROOMING,3
C6-8897,5/15/2016,GROOMING,1
C6-8153,5/16/2016,OFFICE FEES,1
F6-9353,5/16/2016,GENERAL SURGERIES,3
A4-4527,5/17/2016,VACCINATIONS,5
B8-2297,5/17/2016,VACCINATIONS,5
C3-6700,5/17/2016,VACCINATIONS,5
D0-1850,5/17/2016,GROOMING,3
D5-7518,5/18/2016,VACCINATIONS,3
A4-1324,5/18/2016,VACCINATIONS,5
B1-2572,5/18/2016,VACCINATIONS,2
D7-6578,5/19/2016,VACCINATIONS,5
F1-8811,5/19/2016,VACCINATIONS,5
E4-2289,5/19/2016,VACCINATIONS,5
A4-3998,5/20/2016,GROOMING,3
F1-2678,5/20/2016,GENERAL SURGERIES,3
A2-4525,5/21/2016,VACCINATIONS,5
B4-3651,5/21/2016,VACCINATIONS,5
C0-8640,5/21/2016,GROOMING,1
E4-4593,5/21/2016,GROOMING,1
D4-7688,5/22/2016,VACCINATIONS,5
A2-4018,5/22/2016,VACCINATIONS,5
D7-9694,5/22/2016,VACCINATIONS,5
F5-7814,5/22/2016,GENERAL SURGERIES,5
A9-7981,5/22/2016,GENERAL SURGERIES,16
B3-3455,5/22/2016,OFFICE FEES,2
E9-8534,5/22/2016,GROOMING,3
E8-1695,5/22/2016,GROOMING,3
C3-4274,5/22/2016,GROOMING,3
F0-1142,5/23/2016,VACCINATIONS,5
F7-2753,5/24/2016,VACCINATIONS,3
D4-6518,5/24/2016,VACCINATIONS,5
B2-1756,5/24/2016,VACCINATIONS,5
B6-8490,5/24/2016,VACCINATIONS,5
A6-4173,5/24/2016,VACCINATIONS,5
F4-7182,5/24/2016,VACCINATIONS,5
C0-5391,5/24/2016,VACCINATIONS,5
D0-2027,5/24/2016,VACCINATIONS,5
D2-4296,5/24/2016,VACCINATIONS,5
F5-8305,5/24/2016,VACCINATIONS,5
D5-6305,5/24/2016,VACCINATIONS,5
F1-9992,5/24/2016,GENERAL SURGERIES,17
F3-9046,5/24/2016,GROOMING,1
E6-4617,5/24/2016,GROOMING,1
F3-9662,5/24/2016,GENERAL SURGERIES,3
B3-9359,5/25/2016,VACCINATIONS,2
E4-3951,5/25/2016,VACCINATIONS,5
A1-2515,5/25/2016,VACCINATIONS,5
D7-8583,5/25/2016,VACCINATIONS,5
A9-3948,5/25/2016,VACCINATIONS,5
D4-6205,5/25/2016,GENERAL SURGERIES,9
E1-7954,5/25/2016,GROOMING,3
B9-7867,5/25/2016,GROOMING,3
E6-1436,5/25/2016,GROOMING,3
B4-9432,5/26/2016,GENERAL SURGERIES,10
D4-4816,5/26/2016,VACCINATIONS,5
B7-4874,5/26/2016,GENERAL SURGERIES,13
F9-2386,5/27/2016,VACCINATIONS,5
E0-3854,5/27/2016,ORTHOPEDIC,9
E3-9567,5/27/2016,GENERAL SURGERIES,10
E3-6883,5/28/2016,GENERAL SURGERIES,18
F7-9566,5/28/2016,VACCINATIONS,1
F8-8029,5/28/2016,VACCINATIONS,6
C0-9996,5/28/2016,VACCINATIONS,5
C8-2099,5/28/2016,VACCINATIONS,5
F5-1753,5/28/2016,VACCINATIONS,5
E0-4185,5/28/2016,VACCINATIONS,5
E3-7215,5/28/2016,VACCINATIONS,5
A4-8612,5/28/2016,VACCINATIONS,5
A6-8842,5/28/2016,VACCINATIONS,5
E1-4076,5/28/2016,VACCINATIONS,5
C1-5284,5/28/2016,VACCINATIONS,5
C7-4825,5/28/2016,VACCINATIONS,5
I2-7926,5/28/2016,VACCINATIONS,5
C2-7140,5/28/2016,GENERAL SURGERIES,11
D3-8237,5/28/2016,ORTHOPEDIC,2
B9-6655,5/28/2016,VACCINATIONS,1
D2-1260,5/28/2016,ORTHOPEDIC,2
A8-8227,5/28/2016,GENERAL SURGERIES,4
A8-4994,5/28/2016,GROOMING,2
B8-3067,5/28/2016,VACCINATIONS,1
D9-4760,5/28/2016,GENERAL SURGERIES,11
E9-2709,5/28/2016,GROOMING,3
B0-1249,5/28/2016,GROOMING,1
B6-8558,5/28/2016,GROOMING,1
D6-2047,5/29/2016,VACCINATIONS,6
D3-7985,5/29/2016,VACCINATIONS,5
A0-1927,5/29/2016,VACCINATIONS,5
C2-1597,5/30/2016,VACCINATIONS,5
E8-5117,5/30/2016,VACCINATIONS,5
D8-7548,5/30/2016,VACCINATIONS,5
C2-5453,5/30/2016,VACCINATIONS,5
F8-8687,5/30/2016,VACCINATIONS,5
B3-8994,5/30/2016,VACCINATIONS,5
B0-1425,5/30/2016,VACCINATIONS,5
C0-9148,5/30/2016,VACCINATIONS,5
A4-7573,5/30/2016,VACCINATIONS,5
F3-2550,5/30/2016,GROOMING,1
B3-1132,5/31/2016,GROOMING,1
C8-9047,6/1/2016,VACCINATIONS,5
A9-1115,6/1/2016,VACCINATIONS,5
F1-9847,6/1/2016,GENERAL SURGERIES,17
D4-2292,6/1/2016,GROOMING,3
F0-3289,6/1/2016,GROOMING,1
F4-4066,6/1/2016,GENERAL SURGERIES,3
B6-1570,6/2/2016,VACCINATIONS,5
E5-8537,6/2/2016,VACCINATIONS,5
F5-9102,6/2/2016,VACCINATIONS,5
A4-6761,6/2/2016,VACCINATIONS,5
B5-1222,6/2/2016,VACCINATIONS,5
E7-3466,6/2/2016,VACCINATIONS,5
A3-3891,6/2/2016,VACCINATIONS,5
E5-4560,6/2/2016,VACCINATIONS,5
F5-9656,6/2/2016,VACCINATIONS,5
C0-6718,6/2/2016,VACCINATIONS,5
E2-6260,6/2/2016,VACCINATIONS,5
D3-3780,6/2/2016,VACCINATIONS,5
A6-6932,6/2/2016,VACCINATIONS,5
D9-5250,6/2/2016,ORTHOPEDIC,7
B4-5147,6/2/2016,ORTHOPEDIC,4
D9-9581,6/2/2016,VACCINATIONS,6
E8-8170,6/2/2016,GROOMING,3
C7-9471,6/2/2016,GROOMING,1
A9-8137,6/2/2016,GENERAL SURGERIES,3
F0-8583,6/3/2016,VACCINATIONS,5
D4-3826,6/4/2016,VACCINATIONS,5
E0-4656,6/4/2016,VACCINATIONS,5
J8-7429,6/4/2016,VACCINATIONS,5
F9-8058,6/4/2016,VACCINATIONS,5
D4-4081,6/4/2016,ORTHOPEDIC,6
B0-4128,6/4/2016,GROOMING,1
A5-5050,6/5/2016,VACCINATIONS,5
F3-1154,6/6/2016,VACCINATIONS,5
B6-9113,6/6/2016,VACCINATIONS,5
F2-3491,6/7/2016,ORTHOPEDIC,3
A8-3029,6/7/2016,GROOMING,1
D4-8542,6/8/2016,VACCINATIONS,5
B3-4730,6/8/2016,VACCINATIONS,5
C9-6195,6/8/2016,GENERAL SURGERIES,1
B4-7225,6/8/2016,VACCINATIONS,3
E7-9939,6/8/2016,GROOMING,1
E6-8781,6/9/2016,VACCINATIONS,5
B4-2893,6/10/2016,GENERAL SURGERIES,12
E9-4587,6/10/2016,VACCINATIONS,5
F4-3311,6/10/2016,VACCINATIONS,5
D3-7958,6/10/2016,GROOMING,3
D2-2355,6/11/2016,VACCINATIONS,5
C1-9373,6/11/2016,GENERAL SURGERIES,11
E5-1832,6/11/2016,GROOMING,1
B0-8692,6/12/2016,VACCINATIONS,5
D5-4709,6/12/2016,VACCINATIONS,5
E3-2354,6/13/2016,GROOMING,1
B9-6544,6/13/2016,GROOMING,1
F3-3894,6/14/2016,VACCINATIONS,5
A5-1376,6/14/2016,VACCINATIONS,5
B3-1256,6/14/2016,ORTHOPEDIC,8
E8-5291,6/15/2016,VACCINATIONS,5
B1-4943,6/15/2016,VACCINATIONS,5
B9-5703,6/15/2016,VACCINATIONS,4
C1-9898,6/16/2016,VACCINATIONS,5
A8-3963,6/16/2016,VACCINATIONS,5
B7-8649,6/17/2016,VACCINATIONS,5
E0-7252,6/17/2016,VACCINATIONS,5
A1-5144,6/17/2016,GENERAL SURGERIES,2
A8-3907,6/17/2016,GROOMING,3
F5-1252,6/17/2016,GROOMING,1
E7-4333,6/18/2016,GROOMING,3
F9-5284,6/18/2016,GROOMING,1
F1-8667,6/19/2016,GENERAL SURGERIES,2
E7-8191,6/19/2016,GROOMING,3
B0-2697,6/20/2016,VACCINATIONS,5
E1-4479,6/20/2016,VACCINATIONS,5
B7-3937,6/20/2016,GROOMING,3
B4-2724,6/20/2016,GROOMING,1
D2-4048,6/21/2016,VACCINATIONS,5
D3-7581,6/21/2016,VACCINATIONS,5
E4-6039,6/21/2016,VACCINATIONS,5
D4-8727,6/21/2016,ORTHOPEDIC,3
D2-8487,6/21/2016,GROOMING,1
C9-6675,6/22/2016,VACCINATIONS,5
E7-7457,6/22/2016,OFFICE FEES,1
D8-3261,6/23/2016,VACCINATIONS,5
A3-8792,6/23/2016,VACCINATIONS,5
D2-9268,6/23/2016,VACCINATIONS,5
F8-4845,6/23/2016,VACCINATIONS,5
C5-6222,6/23/2016,VACCINATIONS,5
A1-3585,6/23/2016,GENERAL SURGERIES,7
E2-5304,6/23/2016,GROOMING,3
E4-5302,6/23/2016,GROOMING,1
F8-1254,6/24/2016,VACCINATIONS,5
A1-9198,6/24/2016,ORTHOPEDIC,6
C9-3874,6/25/2016,OFFICE FEES,2
C3-3147,6/25/2016,GENERAL SURGERIES,11
D1-8290,6/25/2016,VACCINATIONS,5
B0-2697,6/25/2016,VACCINATIONS,5
E6-8421,6/25/2016,VACCINATIONS,5
F1-7512,6/25/2016,VACCINATIONS,5
F1-1425,6/25/2016,VACCINATIONS,5
C0-9505,6/25/2016,VACCINATIONS,5
E6-2359,6/25/2016,VACCINATIONS,5
D8-1377,6/25/2016,VACCINATIONS,5
B5-8753,6/25/2016,VACCINATIONS,5
E9-9341,6/25/2016,VACCINATIONS,4
F8-9816,6/25/2016,VACCINATIONS,5
B2-7265,6/25/2016,GENERAL SURGERIES,11
B3-5022,6/25/2016,GROOMING,3
A2-2279,6/26/2016,VACCINATIONS,5
A2-9515,6/26/2016,VACCINATIONS,5
C8-1890,6/26/2016,VACCINATIONS,5
F8-2527,6/26/2016,VACCINATIONS,5
A7-8182,6/26/2016,VACCINATIONS,5
C2-8631,6/26/2016,VACCINATIONS,5
F7-1817,6/26/2016,GENERAL SURGERIES,6
A6-4850,6/26/2016,GENERAL SURGERIES,17
E5-2980,6/26/2016,GROOMING,3
F6-4371,6/26/2016,GROOMING,3
C7-8225,6/26/2016,GROOMING,1
E5-9312,6/26/2016,GROOMING,1
A8-7279,6/27/2016,ORTHOPEDIC,4
A7-2880,6/27/2016,VACCINATIONS,5
C4-4722,6/27/2016,VACCINATIONS,5
C1-3461,6/27/2016,VACCINATIONS,5
B9-7765,6/27/2016,VACCINATIONS,5
C8-4279,6/27/2016,GENERAL SURGERIES,4
E3-4617,6/27/2016,GENERAL SURGERIES,11
F8-3242,6/27/2016,GROOMING,1
B3-1343,6/28/2016,VACCINATIONS,5
F1-9228,6/28/2016,GENERAL SURGERIES,5
A6-6493,6/28/2016,GROOMING,1
D9-5377,6/29/2016,VACCINATIONS,5
D4-2630,6/29/2016,VACCINATIONS,5
B0-7215,6/29/2016,VACCINATIONS,5
A8-1260,6/29/2016,VACCINATIONS,5
E4-6366,6/29/2016,VACCINATIONS,5
B6-3244,6/29/2016,VACCINATIONS,5
E5-9204,6/29/2016,GROOMING,1
E7-9206,6/29/2016,GROOMING,1
C7-9488,6/29/2016,GROOMING,1
F7-3470,6/29/2016,GENERAL SURGERIES,3
A9-5040,6/29/2016,GENERAL SURGERIES,3
B8-1176,6/30/2016,VACCINATIONS,5
C6-7815,6/30/2016,VACCINATIONS,5
C0-9394,6/30/2016,VACCINATIONS,5
A0-7986,6/30/2016,VACCINATIONS,5
D3-5031,6/30/2016,GROOMING,3
F5-4635,6/30/2016,GROOMING,3
D7-8535,7/1/2016,VACCINATIONS,5
E1-1390,7/1/2016,VACCINATIONS,5
A5-2797,7/1/2016,VACCINATIONS,5
E7-9326,7/1/2016,VACCINATIONS,5
F5-6021,7/1/2016,VACCINATIONS,5
C8-1081,7/1/2016,VACCINATIONS,5
B8-4896,7/1/2016,VACCINATIONS,5
A8-7813,7/1/2016,GENERAL SURGERIES,14
E5-1619,7/1/2016,GROOMING,3
B2-4126,7/1/2016,GROOMING,3
F3-1138,7/1/2016,GROOMING,1
C5-8944,7/1/2016,GROOMING,1
D4-2948,7/1/2016,GROOMING,1
F7-2770,7/2/2016,VACCINATIONS,5
F6-8940,7/2/2016,VACCINATIONS,5
F1-5749,7/2/2016,VACCINATIONS,5
C2-5350,7/2/2016,VACCINATIONS,5
B0-6743,7/2/2016,VACCINATIONS,5
B2-9303,7/2/2016,VACCINATIONS,5
D0-1761,7/2/2016,GROOMING,3
F1-6850,7/3/2016,GENERAL SURGERIES,10
A3-5576,7/4/2016,VACCINATIONS,4
D0-5353,7/4/2016,VACCINATIONS,5
D8-2403,7/4/2016,VACCINATIONS,5
E5-5800,7/4/2016,VACCINATIONS,5
A2-2813,7/4/2016,VACCINATIONS,5
A0-5729,7/4/2016,VACCINATIONS,5
F9-5469,7/4/2016,VACCINATIONS,5
D4-2351,7/4/2016,VACCINATIONS,5
A6-5981,7/4/2016,VACCINATIONS,5
E7-1326,7/4/2016,VACCINATIONS,2
B6-9468,7/4/2016,GROOMING,3
C3-6757,7/4/2016,GENERAL SURGERIES,3
D6-2844,7/5/2016,VACCINATIONS,5
E2-4797,7/5/2016,VACCINATIONS,5
B3-5128,7/5/2016,VACCINATIONS,5
E1-2250,7/5/2016,VACCINATIONS,5
C3-1719,7/5/2016,VACCINATIONS,5
B1-4949,7/5/2016,VACCINATIONS,5
A3-5826,7/6/2016,GENERAL SURGERIES,12
D5-3947,7/6/2016,GENERAL SURGERIES,4
F7-6955,7/6/2016,GENERAL SURGERIES,9
A4-7122,7/6/2016,VACCINATIONS,5
D2-9418,7/6/2016,VACCINATIONS,5
D4-6670,7/6/2016,VACCINATIONS,5
E8-8672,7/6/2016,VACCINATIONS,5
B3-7527,7/6/2016,VACCINATIONS,5
E7-5558,7/6/2016,VACCINATIONS,5
C6-4089,7/6/2016,VACCINATIONS,5
B2-9980,7/6/2016,VACCINATIONS,5
C2-4131,7/6/2016,VACCINATIONS,5
D2-6593,7/6/2016,VACCINATIONS,5
C4-4006,7/6/2016,VACCINATIONS,5
D4-8918,7/6/2016,VACCINATIONS,5
E8-3958,7/6/2016,VACCINATIONS,5
C3-8086,7/6/2016,VACCINATIONS,5
A9-7499,7/6/2016,VACCINATIONS,5
B9-9651,7/6/2016,VACCINATIONS,5
C2-9332,7/6/2016,VACCINATIONS,5
B2-2963,7/6/2016,GENERAL SURGERIES,9
B5-4810,7/6/2016,GROOMING,1
P0-1725,7/6/2016,GROOMING,3
E7-7808,7/6/2016,GROOMING,3
C4-1805,7/6/2016,GROOMING,3
F9-8485,7/6/2016,GROOMING,3
F3-5833,7/6/2016,GENERAL SURGERIES,3
E6-8982,7/7/2016,VACCINATIONS,5
F1-6182,7/7/2016,VACCINATIONS,5
F4-3867,7/8/2016,VACCINATIONS,5
D1-4353,7/8/2016,VACCINATIONS,5
C8-2018,7/9/2016,VACCINATIONS,5
E6-2274,7/9/2016,VACCINATIONS,5
D3-8244,7/10/2016,VACCINATIONS,5
A7-4141,7/10/2016,VACCINATIONS,5
E1-2275,7/10/2016,VACCINATIONS,5
B1-9433,7/10/2016,VACCINATIONS,5
A6-9219,7/10/2016,VACCINATIONS,5
U8-6473,7/10/2016,VACCINATIONS,5
A2-4688,7/10/2016,VACCINATIONS,5
A2-4182,7/10/2016,ORTHOPEDIC,6
B8-6123,7/10/2016,GENERAL SURGERIES,13
C2-2836,7/10/2016,GENERAL SURGERIES,5
C2-4444,7/10/2016,GROOMING,3
E6-6413,7/10/2016,GROOMING,1
E7-8027,7/11/2016,VACCINATIONS,5
B2-2439,7/11/2016,VACCINATIONS,5
B1-2499,7/11/2016,VACCINATIONS,5
F5-4551,7/11/2016,VACCINATIONS,5
A2-7773,7/11/2016,GENERAL SURGERIES,3
D9-3306,7/11/2016,GENERAL SURGERIES,17
C0-4711,7/12/2016,VACCINATIONS,5
B4-8320,7/12/2016,VACCINATIONS,5
A9-8664,7/12/2016,GROOMING,3
B1-9159,7/12/2016,GROOMING,3
E7-3386,7/12/2016,GROOMING,1
B7-7089,7/13/2016,VACCINATIONS,5
D7-8683,7/13/2016,VACCINATIONS,5
D2-3360,7/13/2016,VACCINATIONS,5
D5-3708,7/13/2016,VACCINATIONS,5
D1-5390,7/13/2016,VACCINATIONS,5
F8-2402,7/13/2016,GROOMING,3
F8-6720,7/13/2016,GROOMING,1
F2-7294,7/13/2016,GROOMING,1
D0-1318,7/14/2016,VACCINATIONS,5
B2-9193,7/15/2016,VACCINATIONS,5
D2-3629,7/15/2016,VACCINATIONS,5
F9-5271,7/15/2016,VACCINATIONS,5
D9-6134,7/15/2016,GROOMING,3
F6-2293,7/15/2016,GROOMING,3
E2-3917,7/15/2016,GROOMING,3
C6-5746,7/15/2016,GROOMING,1
C2-3146,7/16/2016,GENERAL SURGERIES,16
A6-2236,7/16/2016,VACCINATIONS,5
D3-9075,7/16/2016,VACCINATIONS,5
B8-8090,7/16/2016,VACCINATIONS,5
E7-3970,7/16/2016,VACCINATIONS,5
D2-8947,7/16/2016,VACCINATIONS,5
D0-2550,7/16/2016,VACCINATIONS,5
B3-5990,7/16/2016,VACCINATIONS,5
B9-1716,7/16/2016,VACCINATIONS,5
F8-3580,7/16/2016,VACCINATIONS,5
D1-6236,7/16/2016,VACCINATIONS,5
A1-6951,7/16/2016,VACCINATIONS,5
A8-2106,7/16/2016,VACCINATIONS,5
C4-3496,7/16/2016,ORTHOPEDIC,1
C9-7269,7/16/2016,GENERAL SURGERIES,10
F6-6951,7/16/2016,GENERAL SURGERIES,18
F5-9974,7/16/2016,GROOMING,3
D5-1239,7/16/2016,GROOMING,3
C3-8703,7/16/2016,GENERAL SURGERIES,3
E3-4814,7/17/2016,VACCINATIONS,5
D8-7380,7/17/2016,VACCINATIONS,5
A0-4263,7/17/2016,VACCINATIONS,5
A7-3553,7/17/2016,VACCINATIONS,5
F5-1488,7/17/2016,GROOMING,2
C5-2889,7/17/2016,HOSPITALIZATION,1
C0-8597,7/17/2016,GROOMING,1
F6-4607,7/18/2016,VACCINATIONS,5
A9-8136,7/18/2016,VACCINATIONS,5
E1-6058,7/18/2016,VACCINATIONS,5
F6-9376,7/18/2016,VACCINATIONS,5
B4-8760,7/18/2016,VACCINATIONS,5
B3-7884,7/18/2016,GROOMING,1
F1-2589,7/18/2016,GROOMING,1
F4-9538,7/18/2016,GROOMING,1
E4-1115,7/19/2016,VACCINATIONS,5
A7-9765,7/20/2016,VACCINATIONS,1
B7-6445,7/20/2016,VACCINATIONS,5
F5-3974,7/20/2016,VACCINATIONS,5
B2-2656,7/20/2016,VACCINATIONS,5
A5-2835,7/20/2016,VACCINATIONS,5
F9-4005,7/20/2016,ORTHOPEDIC,7
C2-8547,7/20/2016,GROOMING,1
E2-2327,7/21/2016,VACCINATIONS,5
B1-5137,7/21/2016,VACCINATIONS,5
C5-2857,7/21/2016,VACCINATIONS,5
B0-9086,7/21/2016,VACCINATIONS,5
A7-9856,7/21/2016,VACCINATIONS,5
D9-1591,7/21/2016,VACCINATIONS,5
A8-8261,7/21/2016,VACCINATIONS,5
C9-8078,7/21/2016,VACCINATIONS,5
B9-2544,7/21/2016,VACCINATIONS,5
F6-3942,7/21/2016,VACCINATIONS,5
C8-1057,7/21/2016,VACCINATIONS,5
F9-6649,7/21/2016,VACCINATIONS,5
B0-2065,7/21/2016,ORTHOPEDIC,8
B8-8542,7/21/2016,VACCINATIONS,4
B5-5100,7/21/2016,ORTHOPEDIC,9
B6-7141,7/21/2016,GROOMING,3
D7-1868,7/21/2016,GROOMING,1
B4-5181,7/22/2016,OFFICE FEES,3
C3-7644,7/22/2016,VACCINATIONS,5
E0-2754,7/22/2016,VACCINATIONS,5
A2-8180,7/22/2016,VACCINATIONS,5
M0-2904,7/22/2016,VACCINATIONS,5
E3-9311,7/22/2016,VACCINATIONS,5
C9-5532,7/22/2016,VACCINATIONS,5
D6-4193,7/22/2016,VACCINATIONS,5
A7-7663,7/22/2016,VACCINATIONS,4
D2-2538,7/22/2016,GROOMING,3
F7-6430,7/22/2016,GENERAL SURGERIES,3
A7-4137,7/23/2016,VACCINATIONS,2
E5-4359,7/23/2016,GROOMING,3
F7-7857,7/24/2016,GENERAL SURGERIES,18
A0-5525,7/25/2016,VACCINATIONS,5
D5-4719,7/25/2016,VACCINATIONS,5
D8-6334,7/25/2016,VACCINATIONS,5
D4-1708,7/25/2016,OFFICE FEES,1
E6-8553,7/25/2016,GROOMING,3
E9-9238,7/25/2016,GROOMING,3
D9-5258,7/26/2016,VACCINATIONS,5
B6-7812,7/26/2016,GENERAL SURGERIES,2
B0-2441,7/26/2016,GROOMING,1
A2-4192,7/27/2016,VACCINATIONS,4
B4-5249,7/28/2016,GENERAL SURGERIES,6
A4-4621,7/28/2016,VACCINATIONS,5
D3-3895,7/28/2016,VACCINATIONS,5
F1-1448,7/28/2016,VACCINATIONS,5
D1-6135,7/28/2016,VACCINATIONS,5
D8-3251,7/28/2016,VACCINATIONS,5
E8-2573,7/28/2016,VACCINATIONS,5
C4-6505,7/28/2016,VACCINATIONS,5
E1-7480,7/28/2016,ORTHOPEDIC,2
F8-3612,7/28/2016,GROOMING,3
E5-8162,7/28/2016,GROOMING,1
E1-4861,7/28/2016,GROOMING,1
B1-5250,7/29/2016,GENERAL SURGERIES,3
E1-8501,7/30/2016,VACCINATIONS,5
C9-9164,7/30/2016,VACCINATIONS,5
V7-6771,7/30/2016,VACCINATIONS,5
G6-6501,7/30/2016,VACCINATIONS,5
E6-5808,7/30/2016,VACCINATIONS,5
A7-9409,7/30/2016,VACCINATIONS,5
A7-2777,7/30/2016,VACCINATIONS,5
C7-9169,7/30/2016,VACCINATIONS,5
C6-3647,7/30/2016,VACCINATIONS,5
E5-4797,7/30/2016,VACCINATIONS,5
F5-3967,7/30/2016,VACCINATIONS,5
E7-6791,7/30/2016,VACCINATIONS,5
F1-7620,7/30/2016,GROOMING,1
C1-9408,7/31/2016,VACCINATIONS,5
F9-2183,7/31/2016,VACCINATIONS,3
A7-4952,7/31/2016,ORTHOPEDIC,9
E2-5862,7/31/2016,GROOMING,3
C9-6871,8/1/2016,VACCINATIONS,5
C7-5993,8/1/2016,VACCINATIONS,5
B9-4864,8/1/2016,VACCINATIONS,5
D8-7017,8/1/2016,VACCINATIONS,5
D9-1413,8/1/2016,VACCINATIONS,5
A4-8843,8/1/2016,VACCINATIONS,5
D3-1819,8/1/2016,VACCINATIONS,5
F5-7292,8/1/2016,ORTHOPEDIC,7
D5-2789,8/1/2016,GROOMING,1
F8-7242,8/1/2016,GROOMING,1
F1-8904,8/1/2016,GENERAL SURGERIES,3
C1-1579,8/1/2016,GENERAL SURGERIES,3
F6-7787,8/2/2016,VACCINATIONS,2
C1-1497,8/2/2016,VACCINATIONS,5
A5-2208,8/2/2016,VACCINATIONS,5
F0-8651,8/2/2016,VACCINATIONS,5
B3-5936,8/2/2016,VACCINATIONS,5
E3-4886,8/2/2016,VACCINATIONS,5
F9-4898,8/2/2016,VACCINATIONS,5
L0-6660,8/2/2016,ORTHOPEDIC,1
E8-4126,8/2/2016,OFFICE FEES,2
B4-1297,8/2/2016,GROOMING,1
F0-7046,8/2/2016,GENERAL SURGERIES,3
F0-5404,8/3/2016,VACCINATIONS,5
B0-2063,8/3/2016,VACCINATIONS,5
D5-6791,8/3/2016,VACCINATIONS,5
F7-3477,8/3/2016,VACCINATIONS,5
D9-4276,8/3/2016,VACCINATIONS,5
E5-9337,8/3/2016,VACCINATIONS,5
E2-9698,8/3/2016,GROOMING,3
E3-5640,8/3/2016,ORTHOPEDIC,8
A1-1970,8/3/2016,GROOMING,3
D3-1776,8/4/2016,VACCINATIONS,5
B5-4098,8/4/2016,VACCINATIONS,5
A5-5690,8/4/2016,GROOMING,3
D8-7668,8/5/2016,VACCINATIONS,5
A2-5191,8/6/2016,VACCINATIONS,5
E7-9716,8/6/2016,VACCINATIONS,5
E8-5184,8/6/2016,VACCINATIONS,5
A5-8971,8/6/2016,VACCINATIONS,5
B0-7222,8/6/2016,VACCINATIONS,5
C9-8135,8/6/2016,GENERAL SURGERIES,13
A8-5094,8/7/2016,GROOMING,3
D2-7974,8/8/2016,ORTHOPEDIC,7
F2-9670,8/8/2016,VACCINATIONS,5
C6-5708,8/8/2016,VACCINATIONS,5
C5-3042,8/9/2016,ORTHOPEDIC,6
D8-8696,8/9/2016,VACCINATIONS,5
B3-5498,8/9/2016,VACCINATIONS,5
C0-3381,8/9/2016,GENERAL SURGERIES,14
B0-7174,8/9/2016,GROOMING,3
D1-6729,8/9/2016,GENERAL SURGERIES,3
D1-7995,8/10/2016,VACCINATIONS,4
F9-7584,8/10/2016,VACCINATIONS,5
C2-3092,8/10/2016,VACCINATIONS,5
D1-6639,8/10/2016,VACCINATIONS,5
A7-6017,8/10/2016,VACCINATIONS,5
B2-5615,8/10/2016,VACCINATIONS,5
D1-7769,8/10/2016,VACCINATIONS,5
E8-9512,8/10/2016,VACCINATIONS,5
F7-7540,8/10/2016,GENERAL SURGERIES,4
F0-6060,8/10/2016,ORTHOPEDIC,6
C5-7583,8/10/2016,GROOMING,2
E6-6053,8/10/2016,GENERAL SURGERIES,8
D4-2952,8/10/2016,GROOMING,3
A2-6326,8/10/2016,GROOMING,1
E6-9634,8/11/2016,GENERAL SURGERIES,1
E8-4540,8/12/2016,VACCINATIONS,5
A2-2483,8/12/2016,VACCINATIONS,5
D0-7983,8/12/2016,GROOMING,1
B8-9458,8/12/2016,GROOMING,1
F0-1964,8/13/2016,VACCINATIONS,5
E7-8401,8/13/2016,VACCINATIONS,5
B3-6441,8/13/2016,VACCINATIONS,5
B5-6792,8/13/2016,VACCINATIONS,5
C4-1020,8/13/2016,GROOMING,3
A9-6565,8/13/2016,GROOMING,1
F8-9832,8/14/2016,GENERAL SURGERIES,14
D7-7113,8/14/2016,VACCINATIONS,5
B6-3912,8/14/2016,VACCINATIONS,5
B5-1294,8/14/2016,VACCINATIONS,5
C0-1121,8/14/2016,VACCINATIONS,5
E2-3845,8/14/2016,VACCINATIONS,5
C6-8475,8/14/2016,VACCINATIONS,5
F6-1280,8/14/2016,VACCINATIONS,5
E1-1725,8/14/2016,GENERAL SURGERIES,18
C5-9371,8/14/2016,ORTHOPEDIC,2
A0-4879,8/14/2016,GROOMING,3
B0-3148,8/14/2016,ORTHOPEDIC,5
B4-1445,8/14/2016,OFFICE FEES,3
C7-1603,8/14/2016,GROOMING,3
C5-9453,8/14/2016,GROOMING,1
A1-3525,8/14/2016,GROOMING,1
D6-5754,8/15/2016,GROOMING,1
A0-2610,8/15/2016,GROOMING,1
D4-5670,8/16/2016,VACCINATIONS,5
A2-9810,8/16/2016,VACCINATIONS,5
F4-8162,8/16/2016,VACCINATIONS,5
C0-4696,8/17/2016,VACCINATIONS,5
A9-6231,8/17/2016,VACCINATIONS,5
E7-3619,8/17/2016,VACCINATIONS,5
A8-9530,8/17/2016,VACCINATIONS,5
F3-2944,8/17/2016,VACCINATIONS,5
F0-2209,8/17/2016,GENERAL SURGERIES,18
B0-3976,8/17/2016,VACCINATIONS,3
A0-5186,8/17/2016,ORTHOPEDIC,2
A7-2023,8/17/2016,GROOMING,3
F3-5414,8/17/2016,GROOMING,1
D2-1754,8/18/2016,VACCINATIONS,5
E9-9428,8/19/2016,GROOMING,1
D7-7753,8/19/2016,GROOMING,1
U8-6473,8/19/2016,GROOMING,1
E0-3943,8/20/2016,VACCINATIONS,5
F4-3338,8/20/2016,VACCINATIONS,5
B4-2361,8/20/2016,VACCINATIONS,5
A9-5813,8/20/2016,VACCINATIONS,5
E2-3876,8/20/2016,VACCINATIONS,5
F8-8489,8/20/2016,GENERAL SURGERIES,7
E4-5478,8/20/2016,GENERAL SURGERIES,13
D6-5344,8/20/2016,GENERAL SURGERIES,12
D4-9408,8/20/2016,GROOMING,1
C5-8639,8/20/2016,GROOMING,1
A3-1896,8/20/2016,GROOMING,1
E6-7182,8/21/2016,GROOMING,2
F8-3927,8/21/2016,VACCINATIONS,6
E0-4203,8/21/2016,VACCINATIONS,5
D5-2007,8/21/2016,VACCINATIONS,5
A6-5684,8/21/2016,VACCINATIONS,5
D6-8798,8/21/2016,VACCINATIONS,5
B1-3935,8/21/2016,VACCINATIONS,5
D0-1398,8/21/2016,VACCINATIONS,5
D7-9558,8/21/2016,VACCINATIONS,5
F4-3245,8/21/2016,VACCINATIONS,5
A3-5387,8/21/2016,VACCINATIONS,5
A3-3655,8/21/2016,VACCINATIONS,5
D9-5504,8/21/2016,VACCINATIONS,5
F5-4189,8/21/2016,VACCINATIONS,5
C0-4465,8/21/2016,OFFICE FEES,1
D7-1589,8/21/2016,GENERAL SURGERIES,1
J6-8562,8/21/2016,GENERAL SURGERIES,8
F4-3259,8/21/2016,GROOMING,1
A4-6945,8/21/2016,GROOMING,1
F7-8631,8/21/2016,GROOMING,1
E7-8559,8/21/2016,GROOMING,1
F9-9096,8/22/2016,VACCINATIONS,5
E3-7060,8/22/2016,VACCINATIONS,5
D9-4589,8/22/2016,VACCINATIONS,5
D8-2541,8/22/2016,VACCINATIONS,5
B5-2845,8/23/2016,VACCINATIONS,5
F9-9495,8/23/2016,VACCINATIONS,5
E2-8406,8/23/2016,VACCINATIONS,5
A7-3949,8/23/2016,VACCINATIONS,5
F4-6388,8/23/2016,VACCINATIONS,5
C1-8904,8/23/2016,VACCINATIONS,5
E2-5983,8/23/2016,VACCINATIONS,5
B1-8166,8/23/2016,VACCINATIONS,5
D9-5566,8/23/2016,VACCINATIONS,5
C3-5152,8/23/2016,GENERAL SURGERIES,10
B4-5599,8/23/2016,GENERAL SURGERIES,10
F8-7251,8/23/2016,GROOMING,1
E6-9420,8/23/2016,GENERAL SURGERIES,3
F8-2256,8/23/2016,GENERAL SURGERIES,3
C4-1227,8/24/2016,ORTHOPEDIC,8
E4-3798,8/24/2016,VACCINATIONS,1
B2-8298,8/24/2016,VACCINATIONS,5
E7-5573,8/24/2016,VACCINATIONS,5
B1-4645,8/24/2016,VACCINATIONS,5
C6-4512,8/24/2016,VACCINATIONS,5
D8-3969,8/24/2016,VACCINATIONS,5
B4-8244,8/24/2016,VACCINATIONS,5
E3-6030,8/24/2016,VACCINATIONS,5
A0-6296,8/24/2016,VACCINATIONS,5
B5-9921,8/24/2016,VACCINATIONS,5
B6-5847,8/24/2016,VACCINATIONS,5
E3-4289,8/24/2016,GENERAL SURGERIES,18
F6-5510,8/24/2016,ORTHOPEDIC,4
F9-4556,8/24/2016,GROOMING,3
B9-3837,8/25/2016,VACCINATIONS,5
F0-1121,8/26/2016,VACCINATIONS,5
B6-8419,8/26/2016,VACCINATIONS,5
A5-5535,8/26/2016,VACCINATIONS,1
C8-9851,8/26/2016,GROOMING,3
C2-8045,8/26/2016,GROOMING,1
E7-6171,8/27/2016,VACCINATIONS,5
F3-7090,8/27/2016,VACCINATIONS,6
F2-4105,8/28/2016,VACCINATIONS,5
B1-4568,8/29/2016,VACCINATIONS,5
C4-7306,8/29/2016,VACCINATIONS,5
A7-4459,8/29/2016,VACCINATIONS,5
B5-5506,8/29/2016,VACCINATIONS,5
D3-3747,8/29/2016,GROOMING,1
B0-2491,8/30/2016,VACCINATIONS,5
A0-2151,8/30/2016,VACCINATIONS,6
B0-6071,8/30/2016,VACCINATIONS,5
C5-6730,8/30/2016,VACCINATIONS,5
D4-2322,8/30/2016,VACCINATIONS,5
D9-9312,8/30/2016,VACCINATIONS,5
E4-4654,8/30/2016,VACCINATIONS,5
F5-2863,8/30/2016,VACCINATIONS,5
C7-3383,8/30/2016,VACCINATIONS,5
C8-7754,8/30/2016,VACCINATIONS,1
C3-7570,8/30/2016,GENERAL SURGERIES,18
C9-8631,8/30/2016,GROOMING,3
A1-6018,8/30/2016,GROOMING,3
E7-3999,8/30/2016,GROOMING,3
B4-8914,8/30/2016,GROOMING,1
A7-4087,8/30/2016,GROOMING,1
B6-3595,8/30/2016,GENERAL SURGERIES,3
F2-5772,8/30/2016,GENERAL SURGERIES,3
F0-6228,8/31/2016,VACCINATIONS,5
A0-1972,9/1/2016,VACCINATIONS,6
E2-3908,9/2/2016,VACCINATIONS,5
F6-9380,9/3/2016,VACCINATIONS,4
D6-3282,9/3/2016,VACCINATIONS,5
A4-7862,9/3/2016,VACCINATIONS,5
C0-2881,9/3/2016,GROOMING,1
E1-9999,9/4/2016,VACCINATIONS,5
C0-8164,9/4/2016,VACCINATIONS,5
B7-3789,9/5/2016,GENERAL SURGERIES,3
E4-1841,9/6/2016,VACCINATIONS,5
A6-1018,9/6/2016,VACCINATIONS,5
C9-8473,9/6/2016,VACCINATIONS,5
B6-4622,9/6/2016,VACCINATIONS,5
E8-9436,9/6/2016,GROOMING,3
C8-9452,9/6/2016,GROOMING,1
C7-7019,9/7/2016,GENERAL SURGERIES,3
A6-6173,9/8/2016,VACCINATIONS,5
C4-7615,9/8/2016,VACCINATIONS,5
B0-5418,9/8/2016,VACCINATIONS,5
A0-1230,9/8/2016,VACCINATIONS,5
F0-3819,9/8/2016,VACCINATIONS,5
D2-7653,9/8/2016,VACCINATIONS,5
D3-2189,9/8/2016,VACCINATIONS,5
A7-4746,9/8/2016,GROOMING,1
A6-9274,9/9/2016,VACCINATIONS,5
D6-4831,9/9/2016,VACCINATIONS,5
F0-9778,9/9/2016,VACCINATIONS,5
A5-7433,9/9/2016,VACCINATIONS,5
D2-8669,9/9/2016,VACCINATIONS,5
C6-1412,9/9/2016,VACCINATIONS,5
F3-7360,9/9/2016,GROOMING,2
A2-9229,9/9/2016,GROOMING,3
F7-2944,9/9/2016,GROOMING,3
B0-1949,9/9/2016,GROOMING,3
E3-9712,9/9/2016,GENERAL SURGERIES,3
C3-5477,9/10/2016,VACCINATIONS,5
C8-6998,9/10/2016,VACCINATIONS,5
B1-5303,9/10/2016,VACCINATIONS,5
F8-4755,9/10/2016,VACCINATIONS,5
E6-7577,9/10/2016,GROOMING,1
F8-8957,9/10/2016,ORTHOPEDIC,4
B5-7783,9/10/2016,GROOMING,1
F6-6662,9/11/2016,VACCINATIONS,5
F5-1929,9/11/2016,VACCINATIONS,5
F1-7580,9/11/2016,VACCINATIONS,5
O6-3123,9/11/2016,VACCINATIONS,5
A8-7493,9/11/2016,VACCINATIONS,5
B3-8838,9/11/2016,VACCINATIONS,5
B0-3518,9/11/2016,VACCINATIONS,5
E9-4320,9/11/2016,VACCINATIONS,5
F1-2388,9/11/2016,GENERAL SURGERIES,13
B1-7289,9/12/2016,VACCINATIONS,5
D1-1113,9/12/2016,GROOMING,3
C1-2139,9/12/2016,GROOMING,3
E6-6933,9/13/2016,VACCINATIONS,4
C0-5315,9/13/2016,VACCINATIONS,5
C3-2744,9/13/2016,VACCINATIONS,5
E8-8645,9/13/2016,VACCINATIONS,5
D3-9086,9/13/2016,VACCINATIONS,5
F6-9596,9/13/2016,GROOMING,3
F3-7323,9/14/2016,VACCINATIONS,5
B4-8251,9/14/2016,GROOMING,1
B6-4911,9/14/2016,GROOMING,1
F8-5367,9/15/2016,VACCINATIONS,5
A0-2747,9/16/2016,VACCINATIONS,5
F7-9251,9/17/2016,VACCINATIONS,5
C3-1251,9/17/2016,VACCINATIONS,5
E7-9280,9/17/2016,VACCINATIONS,5
F3-2949,9/17/2016,VACCINATIONS,5
D4-3688,9/17/2016,VACCINATIONS,5
K0-8177,9/17/2016,VACCINATIONS,5
A6-9157,9/17/2016,VACCINATIONS,5
D5-4703,9/17/2016,VACCINATIONS,5
B8-4981,9/17/2016,VACCINATIONS,4
C0-5208,9/17/2016,GENERAL SURGERIES,1
E7-9507,9/17/2016,GROOMING,3
B1-8738,9/17/2016,GENERAL SURGERIES,3
F1-3954,9/18/2016,VACCINATIONS,5
C8-9971,9/18/2016,VACCINATIONS,5
B0-7968,9/18/2016,ORTHOPEDIC,3
B5-8456,9/18/2016,GENERAL SURGERIES,3
B8-8667,9/18/2016,GROOMING,3
A2-4511,9/19/2016,GENERAL SURGERIES,1
D1-8434,9/19/2016,VACCINATIONS,5
M8-7852,9/19/2016,VACCINATIONS,5
E5-4647,9/19/2016,VACCINATIONS,5
D0-8844,9/19/2016,VACCINATIONS,5
E6-1383,9/19/2016,VACCINATIONS,5
C6-4159,9/19/2016,VACCINATIONS,5
F7-7811,9/19/2016,VACCINATIONS,5
E0-9256,9/19/2016,VACCINATIONS,5
B6-5002,9/19/2016,VACCINATIONS,5
A1-8618,9/19/2016,VACCINATIONS,5
N0-9539,9/19/2016,VACCINATIONS,5
F3-1606,9/19/2016,VACCINATIONS,5
D2-8143,9/19/2016,VACCINATIONS,5
E0-4947,9/19/2016,VACCINATIONS,5
B5-6810,9/19/2016,VACCINATIONS,5
B4-8110,9/19/2016,ORTHOPEDIC,5
D0-1951,9/19/2016,GENERAL SURGERIES,11
B6-9756,9/19/2016,GROOMING,3
C9-8031,9/19/2016,GROOMING,3
C3-9278,9/19/2016,GROOMING,3
D8-3359,9/19/2016,GROOMING,3
E4-4990,9/19/2016,GROOMING,3
B0-6189,9/19/2016,GROOMING,1
A3-3363,9/19/2016,GENERAL SURGERIES,3
E2-1206,9/20/2016,VACCINATIONS,5
F7-6374,9/20/2016,VACCINATIONS,5
A5-7891,9/20/2016,GENERAL SURGERIES,11
C5-3984,9/20/2016,GROOMING,1
D6-9276,9/21/2016,HOSPITALIZATION,1
C7-6555,9/22/2016,GROOMING,2
C9-3325,9/22/2016,HOSPITALIZATION,1
D6-8946,9/22/2016,VACCINATIONS,5
F9-5716,9/22/2016,VACCINATIONS,5
D0-2734,9/22/2016,VACCINATIONS,5
C1-9213,9/22/2016,VACCINATIONS,5
B3-1169,9/22/2016,VACCINATIONS,5
B5-3471,9/23/2016,ORTHOPEDIC,3
D0-9683,9/23/2016,VACCINATIONS,5
C8-5868,9/23/2016,GENERAL SURGERIES,7
A6-8383,9/24/2016,VACCINATIONS,5
D6-6605,9/24/2016,VACCINATIONS,5
D7-2874,9/24/2016,VACCINATIONS,5
B4-6170,9/24/2016,OFFICE FEES,2
F3-7262,9/24/2016,GENERAL SURGERIES,3
C6-1197,9/25/2016,GENERAL SURGERIES,13
A7-8523,9/25/2016,VACCINATIONS,5
F1-3946,9/25/2016,VACCINATIONS,5
A9-9321,9/25/2016,VACCINATIONS,5
A0-7012,9/25/2016,VACCINATIONS,5
F5-2718,9/25/2016,VACCINATIONS,5
B1-3660,9/25/2016,VACCINATIONS,5
D1-2286,9/25/2016,VACCINATIONS,5
C4-1832,9/25/2016,GENERAL SURGERIES,12
F5-2775,9/25/2016,GROOMING,2
E6-1614,9/25/2016,GROOMING,3
C4-1427,9/25/2016,GROOMING,3
C2-2955,9/26/2016,VACCINATIONS,1
D2-9988,9/26/2016,VACCINATIONS,5
F3-9741,9/26/2016,VACCINATIONS,5
D7-9880,9/26/2016,VACCINATIONS,5
C7-6390,9/26/2016,VACCINATIONS,5
C3-1121,9/26/2016,VACCINATIONS,5
A0-2985,9/26/2016,VACCINATIONS,5
D2-5002,9/26/2016,OFFICE FEES,1
B9-4177,9/26/2016,ORTHOPEDIC,6
D3-6027,9/26/2016,ORTHOPEDIC,9
B7-1700,9/26/2016,GENERAL SURGERIES,19
E9-2823,9/26/2016,ORTHOPEDIC,1
B7-6899,9/26/2016,HOSPITALIZATION,1
E3-2137,9/26/2016,GENERAL SURGERIES,19
B8-7462,9/27/2016,VACCINATIONS,5
E5-4073,9/27/2016,VACCINATIONS,5
F4-7521,9/28/2016,VACCINATIONS,5
E4-5313,9/28/2016,GENERAL SURGERIES,3
A5-1668,9/29/2016,GENERAL SURGERIES,14
Q2-3642,9/29/2016,ORTHOPEDIC,9
D5-8502,9/30/2016,VACCINATIONS,5
F2-5525,9/30/2016,VACCINATIONS,5
B5-3682,9/30/2016,GENERAL SURGERIES,16
B1-3966,9/30/2016,GROOMING,3
C1-7228,9/30/2016,ORTHOPEDIC,1
A8-1399,9/30/2016,GROOMING,1
C8-5345,10/1/2016,VACCINATIONS,5
B7-4845,10/1/2016,ORTHOPEDIC,4
F0-1174,10/1/2016,GROOMING,1
F7-5220,10/2/2016,ORTHOPEDIC,9
E0-8136,10/2/2016,GENERAL SURGERIES,8
A2-6019,10/2/2016,VACCINATIONS,5
E8-6560,10/2/2016,VACCINATIONS,5
F8-2249,10/2/2016,VACCINATIONS,5
C4-3016,10/2/2016,GENERAL SURGERIES,15
E6-3526,10/2/2016,GENERAL SURGERIES,16
D0-1618,10/2/2016,GROOMING,1
A3-6134,10/2/2016,GROOMING,1
B1-1919,10/3/2016,VACCINATIONS,5
D7-3453,10/3/2016,VACCINATIONS,5
B5-1799,10/3/2016,VACCINATIONS,5
F2-5490,10/3/2016,VACCINATIONS,5
D1-4885,10/3/2016,VACCINATIONS,5
X0-8765,10/3/2016,GENERAL SURGERIES,8
C4-7566,10/3/2016,GENERAL SURGERIES,3
D7-1192,10/4/2016,VACCINATIONS,5
E2-1244,10/5/2016,VACCINATIONS,5
D8-7616,10/5/2016,VACCINATIONS,5
P2-7342,10/5/2016,VACCINATIONS,5
A3-7219,10/5/2016,VACCINATIONS,5
A9-5588,10/6/2016,VACCINATIONS,5
C9-9514,10/6/2016,VACCINATIONS,5
E6-2909,10/6/2016,VACCINATIONS,5
F6-7385,10/6/2016,ORTHOPEDIC,7
A2-9238,10/6/2016,ORTHOPEDIC,9
B5-7069,10/6/2016,GROOMING,3
E3-3079,10/6/2016,GROOMING,3
B7-4163,10/6/2016,GROOMING,1
C5-8665,10/6/2016,GROOMING,1
C0-3815,10/7/2016,VACCINATIONS,5
E2-6480,10/7/2016,GROOMING,1
E5-2475,10/8/2016,VACCINATIONS,6
D7-1537,10/8/2016,VACCINATIONS,5
B3-7056,10/8/2016,VACCINATIONS,5
F4-5237,10/8/2016,VACCINATIONS,5
B7-9156,10/8/2016,GROOMING,1
F2-8407,10/9/2016,GENERAL SURGERIES,19
E9-4149,10/10/2016,GENERAL SURGERIES,19
A1-8716,10/10/2016,VACCINATIONS,5
C2-2999,10/10/2016,VACCINATIONS,5
A2-7627,10/10/2016,VACCINATIONS,5
F1-6479,10/10/2016,VACCINATIONS,5
B6-7976,10/10/2016,OFFICE FEES,3
C1-1426,10/10/2016,GROOMING,1
C2-2951,10/11/2016,VACCINATIONS,5
G9-0817,10/11/2016,VACCINATIONS,5
D3-9699,10/12/2016,VACCINATIONS,5
D4-5312,10/13/2016,VACCINATIONS,5
B7-8183,10/13/2016,VACCINATIONS,5
E7-8758,10/13/2016,VACCINATIONS,5
D6-9325,10/13/2016,VACCINATIONS,5
E7-4876,10/13/2016,VACCINATIONS,5
C6-8469,10/13/2016,VACCINATIONS,5
F6-6812,10/13/2016,VACCINATIONS,5
C2-6694,10/13/2016,VACCINATIONS,4
A8-5384,10/13/2016,GROOMING,3
A5-5164,10/13/2016,GROOMING,1
F5-5303,10/13/2016,GROOMING,1
D7-8709,10/13/2016,GROOMING,1
E6-8207,10/13/2016,GENERAL SURGERIES,3
E3-9205,10/14/2016,VACCINATIONS,5
E0-6328,10/14/2016,VACCINATIONS,5
F1-7056,10/14/2016,VACCINATIONS,5
D2-9825,10/14/2016,VACCINATIONS,5
D9-6088,10/14/2016,GENERAL SURGERIES,16
C1-3363,10/14/2016,GENERAL SURGERIES,12
F5-8231,10/15/2016,VACCINATIONS,5
D4-4907,10/15/2016,GENERAL SURGERIES,5
B5-9880,10/15/2016,GROOMING,1
B9-7536,10/16/2016,VACCINATIONS,5
C7-8736,10/17/2016,OFFICE FEES,2
E7-1178,10/17/2016,VACCINATIONS,5
D6-4640,10/17/2016,VACCINATIONS,5
E2-7521,10/17/2016,VACCINATIONS,5
C3-8720,10/17/2016,VACCINATIONS,5
D8-5497,10/17/2016,VACCINATIONS,5
D8-6829,10/17/2016,VACCINATIONS,5
D5-5587,10/17/2016,ORTHOPEDIC,4
C0-4555,10/17/2016,GROOMING,3
E8-5483,10/18/2016,GROOMING,3
A6-2232,10/19/2016,VACCINATIONS,5
U6-4890,10/19/2016,VACCINATIONS,5
A1-3638,10/19/2016,VACCINATIONS,5
C5-3430,10/19/2016,VACCINATIONS,5
C3-1717,10/19/2016,VACCINATIONS,5
F1-3759,10/19/2016,VACCINATIONS,5
C2-7079,10/19/2016,VACCINATIONS,5
F3-2489,10/19/2016,VACCINATIONS,5
B2-4824,10/19/2016,VACCINATIONS,5
A5-4766,10/19/2016,VACCINATIONS,5
E0-5098,10/19/2016,VACCINATIONS,5
C4-9779,10/19/2016,VACCINATIONS,5
A6-1208,10/20/2016,VACCINATIONS,5
D4-7966,10/20/2016,VACCINATIONS,5
C2-7319,10/20/2016,VACCINATIONS,5
D6-7730,10/21/2016,VACCINATIONS,5
B8-7681,10/21/2016,VACCINATIONS,5
E1-7255,10/21/2016,VACCINATIONS,5
D0-8237,10/21/2016,VACCINATIONS,5
B7-2214,10/21/2016,GENERAL SURGERIES,2
E4-6818,10/21/2016,GROOMING,3
B3-2662,10/22/2016,GENERAL SURGERIES,3
J1-6366,10/22/2016,GENERAL SURGERIES,17
E5-1597,10/22/2016,VACCINATIONS,5
D9-1653,10/22/2016,VACCINATIONS,5
C5-5966,10/22/2016,VACCINATIONS,5
E0-6432,10/22/2016,VACCINATIONS,5
C6-8085,10/22/2016,VACCINATIONS,5
C9-6655,10/22/2016,GENERAL SURGERIES,7
A5-2572,10/22/2016,GROOMING,3
A2-3807,10/22/2016,GROOMING,1
C7-7611,10/22/2016,GENERAL SURGERIES,3
B8-3765,10/23/2016,OFFICE FEES,1
D7-8149,10/23/2016,VACCINATIONS,5
C5-6218,10/23/2016,GENERAL SURGERIES,8
E2-6509,10/23/2016,GROOMING,3
C1-3576,10/24/2016,VACCINATIONS,5
A6-2178,10/24/2016,GROOMING,1
F6-7584,10/25/2016,ORTHOPEDIC,1
E3-2969,10/25/2016,VACCINATIONS,5
E6-6129,10/25/2016,VACCINATIONS,5
F7-5556,10/25/2016,VACCINATIONS,5
B9-4784,10/25/2016,VACCINATIONS,5
D7-3946,10/25/2016,VACCINATIONS,5
C7-7628,10/25/2016,VACCINATIONS,5
B1-4723,10/25/2016,VACCINATIONS,5
E0-1803,10/25/2016,VACCINATIONS,5
B2-1575,10/25/2016,GROOMING,3
B1-9677,10/25/2016,GROOMING,1
D7-1435,10/26/2016,GROOMING,3
D2-2300,10/27/2016,VACCINATIONS,5
A0-1996,10/27/2016,VACCINATIONS,5
E4-8164,10/27/2016,GROOMING,3
F3-1296,10/28/2016,VACCINATIONS,5
A6-6009,10/29/2016,VACCINATIONS,5
C0-3228,10/29/2016,VACCINATIONS,5
F6-3583,10/29/2016,VACCINATIONS,5
C6-6254,10/29/2016,VACCINATIONS,5
C4-9038,10/29/2016,VACCINATIONS,5
C0-3457,10/29/2016,VACCINATIONS,5
A7-8467,10/29/2016,VACCINATIONS,5
F7-6109,10/29/2016,VACCINATIONS,5
A9-9503,10/29/2016,VACCINATIONS,5
A0-3653,10/30/2016,VACCINATIONS,5
D9-1632,10/30/2016,VACCINATIONS,5
A8-6648,10/30/2016,GROOMING,1
D7-1778,10/31/2016,VACCINATIONS,5
A5-4182,10/31/2016,VACCINATIONS,5
D0-4498,11/1/2016,VACCINATIONS,1
A5-4695,11/2/2016,GENERAL SURGERIES,8
D3-7565,11/2/2016,VACCINATIONS,5
B1-1798,11/2/2016,VACCINATIONS,5
A3-2016,11/2/2016,VACCINATIONS,5
F9-4765,11/2/2016,VACCINATIONS,5
A6-7002,11/2/2016,VACCINATIONS,5
F9-2168,11/2/2016,VACCINATIONS,5
E3-6591,11/2/2016,VACCINATIONS,5
C4-4194,11/2/2016,VACCINATIONS,5
D0-7790,11/2/2016,VACCINATIONS,5
F2-9481,11/2/2016,VACCINATIONS,5
B4-9459,11/2/2016,GENERAL SURGERIES,14
E7-7161,11/2/2016,GENERAL SURGERIES,6
A4-3013,11/2/2016,GENERAL SURGERIES,12
C8-5102,11/2/2016,GROOMING,3
C6-7624,11/2/2016,GROOMING,3
F7-5627,11/2/2016,GROOMING,3
C8-6455,11/2/2016,GROOMING,1
C5-1917,11/2/2016,GROOMING,1
A4-4451,11/2/2016,GENERAL SURGERIES,3
B2-2174,11/3/2016,VACCINATIONS,5
C8-5197,11/3/2016,VACCINATIONS,5
C7-1552,11/3/2016,OFFICE FEES,3
C6-7423,11/4/2016,VACCINATIONS,5
F2-9271,11/4/2016,VACCINATIONS,5
T0-5705,11/4/2016,VACCINATIONS,5
E3-4578,11/4/2016,VACCINATIONS,6
C9-1619,11/4/2016,ORTHOPEDIC,4
E6-7833,11/4/2016,OFFICE FEES,3
E0-1893,11/4/2016,GROOMING,3
F1-7855,11/5/2016,VACCINATIONS,3
F6-4069,11/5/2016,VACCINATIONS,5
F1-1291,11/5/2016,GROOMING,1
B5-3858,11/6/2016,VACCINATIONS,5
F1-8372,11/6/2016,VACCINATIONS,5
A7-8616,11/6/2016,VACCINATIONS,5
C7-7984,11/6/2016,VACCINATIONS,5
B2-3103,11/6/2016,VACCINATIONS,5
E8-4733,11/6/2016,VACCINATIONS,5
D0-3447,11/6/2016,VACCINATIONS,5
D0-3846,11/6/2016,VACCINATIONS,5
B6-1453,11/6/2016,VACCINATIONS,5
F0-6922,11/6/2016,VACCINATIONS,5
Q8-8753,11/6/2016,VACCINATIONS,5
A4-8849,11/6/2016,GENERAL SURGERIES,7
B5-7743,11/6/2016,GENERAL SURGERIES,10
D4-5326,11/6/2016,GROOMING,3
F0-7199,11/6/2016,GROOMING,1
D0-5249,11/6/2016,GENERAL SURGERIES,3
F8-6703,11/6/2016,GENERAL SURGERIES,3
A8-6209,11/7/2016,VACCINATIONS,5
E7-9864,11/7/2016,VACCINATIONS,5
K0-8177,11/7/2016,VACCINATIONS,5
A9-6785,11/7/2016,GROOMING,1
B3-8127,11/7/2016,VACCINATIONS,3
B4-1081,11/7/2016,GROOMING,3
C0-8707,11/8/2016,VACCINATIONS,5
D6-7405,11/8/2016,VACCINATIONS,5
B7-5680,11/8/2016,VACCINATIONS,5
C5-1419,11/8/2016,VACCINATIONS,5
E7-5762,11/8/2016,VACCINATIONS,5
D6-8583,11/8/2016,VACCINATIONS,2
E7-4603,11/8/2016,VACCINATIONS,5
F8-6190,11/8/2016,GROOMING,1
D5-4632,11/8/2016,GENERAL SURGERIES,3
F5-5330,11/9/2016,VACCINATIONS,5
A5-1332,11/9/2016,VACCINATIONS,5
D4-1124,11/10/2016,VACCINATIONS,5
F5-6838,11/11/2016,GENERAL SURGERIES,3
C4-5098,11/12/2016,VACCINATIONS,5
D5-3246,11/12/2016,GROOMING,2
F3-4958,11/12/2016,GROOMING,1
A2-8288,11/13/2016,GROOMING,1
D4-6387,11/14/2016,GENERAL SURGERIES,2
D4-4731,11/14/2016,GENERAL SURGERIES,5
A1-9616,11/14/2016,VACCINATIONS,2
A3-9450,11/14/2016,VACCINATIONS,5
B8-7006,11/15/2016,VACCINATIONS,5
F0-6226,11/15/2016,VACCINATIONS,5
F9-6665,11/15/2016,GROOMING,1
D2-6754,11/15/2016,GROOMING,1
F3-4519,11/16/2016,VACCINATIONS,5
B7-2396,11/16/2016,VACCINATIONS,5
B6-8040,11/16/2016,VACCINATIONS,5
E7-9831,11/16/2016,VACCINATIONS,5
F9-9972,11/16/2016,VACCINATIONS,5
E4-6905,11/16/2016,VACCINATIONS,5
E4-2177,11/16/2016,GROOMING,1
B5-4402,11/17/2016,VACCINATIONS,5
F8-1324,11/17/2016,GROOMING,1
C1-8728,11/18/2016,VACCINATIONS,5
A2-1300,11/18/2016,GENERAL SURGERIES,3
F8-3712,11/19/2016,VACCINATIONS,5
A6-6456,11/19/2016,VACCINATIONS,5
C7-5119,11/19/2016,VACCINATIONS,5
D6-4011,11/19/2016,VACCINATIONS,5
C1-1797,11/19/2016,VACCINATIONS,5
C9-6311,11/19/2016,GROOMING,3
E1-4940,11/19/2016,ORTHOPEDIC,7
E0-5186,11/19/2016,GROOMING,3
D0-9152,11/19/2016,GROOMING,3
A4-6393,11/20/2016,VACCINATIONS,5
E6-9177,11/21/2016,VACCINATIONS,5
D7-3152,11/21/2016,VACCINATIONS,5
B8-5839,11/21/2016,VACCINATIONS,5
B9-4681,11/21/2016,VACCINATIONS,5
F7-9769,11/21/2016,VACCINATIONS,5
D7-5792,11/21/2016,VACCINATIONS,5
C7-6954,11/21/2016,VACCINATIONS,5
D2-1137,11/21/2016,VACCINATIONS,5
A8-2423,11/21/2016,VACCINATIONS,5
B8-8511,11/21/2016,VACCINATIONS,5
E3-6620,11/21/2016,VACCINATIONS,5
F8-8421,11/21/2016,VACCINATIONS,5
B9-2837,11/21/2016,GENERAL SURGERIES,17
D7-9647,11/21/2016,GROOMING,1
C9-2452,11/21/2016,GENERAL SURGERIES,14
B3-6842,11/21/2016,GROOMING,3
E8-1619,11/21/2016,GROOMING,1
E1-6359,11/21/2016,GENERAL SURGERIES,3
D4-9557,11/22/2016,ORTHOPEDIC,1
E2-1326,11/22/2016,VACCINATIONS,5
A8-3594,11/22/2016,VACCINATIONS,5
B7-7345,11/23/2016,VACCINATIONS,5
A0-1512,11/23/2016,VACCINATIONS,5
E8-2051,11/23/2016,VACCINATIONS,1
B4-6262,11/23/2016,GENERAL SURGERIES,4
F0-8915,11/24/2016,GROOMING,1
E5-7492,11/25/2016,GROOMING,3
J2-4382,11/26/2016,GENERAL SURGERIES,3
B5-8289,11/27/2016,VACCINATIONS,5
E0-5837,11/27/2016,VACCINATIONS,5
B4-3772,11/27/2016,GROOMING,3
F9-1159,11/27/2016,GROOMING,3
B6-3121,11/28/2016,VACCINATIONS,5
F7-4070,11/28/2016,VACCINATIONS,5
F9-2587,11/28/2016,VACCINATIONS,5
A0-8506,11/29/2016,VACCINATIONS,5
E4-5441,11/29/2016,VACCINATIONS,5
C8-5107,11/29/2016,GENERAL SURGERIES,19
C9-7578,11/29/2016,GROOMING,3
C8-8153,11/30/2016,VACCINATIONS,5
D7-7886,12/1/2016,VACCINATIONS,5
E9-9490,12/1/2016,VACCINATIONS,5
F5-7751,12/1/2016,VACCINATIONS,5
B5-8129,12/1/2016,VACCINATIONS,5
E3-3224,12/1/2016,VACCINATIONS,5
B4-8437,12/1/2016,VACCINATIONS,5
M2-1131,12/1/2016,ORTHOPEDIC,5
B8-3822,12/1/2016,GROOMING,3
A4-8700,12/2/2016,VACCINATIONS,5
C7-6280,12/2/2016,VACCINATIONS,5
D3-5444,12/2/2016,VACCINATIONS,5
B3-1210,12/2/2016,VACCINATIONS,5
D3-2488,12/2/2016,VACCINATIONS,5
F1-5729,12/2/2016,VACCINATIONS,5
C2-9046,12/2/2016,VACCINATIONS,5
E6-9120,12/2/2016,VACCINATIONS,5
B2-8903,12/2/2016,VACCINATIONS,5
E8-9774,12/2/2016,VACCINATIONS,5
E2-3054,12/2/2016,VACCINATIONS,5
B5-9335,12/2/2016,ORTHOPEDIC,2
D7-9318,12/2/2016,ORTHOPEDIC,8
C3-3174,12/2/2016,GROOMING,1
E4-8256,12/2/2016,GROOMING,1
B7-8319,12/2/2016,GENERAL SURGERIES,3
A8-7404,12/3/2016,VACCINATIONS,5
A2-4375,12/3/2016,VACCINATIONS,5
A5-6341,12/3/2016,VACCINATIONS,5
B0-1273,12/3/2016,VACCINATIONS,5
D9-3819,12/3/2016,VACCINATIONS,5
D8-3652,12/4/2016,GENERAL SURGERIES,17
A3-1824,12/4/2016,VACCINATIONS,5
E7-6697,12/4/2016,VACCINATIONS,5
C2-5881,12/4/2016,VACCINATIONS,5
A9-4776,12/4/2016,VACCINATIONS,5
C8-5195,12/4/2016,VACCINATIONS,5
D5-5486,12/4/2016,VACCINATIONS,5
E1-6008,12/4/2016,VACCINATIONS,5
E2-6164,12/4/2016,VACCINATIONS,5
B1-9216,12/4/2016,VACCINATIONS,5
F7-4250,12/4/2016,GROOMING,3
D7-3164,12/4/2016,GROOMING,1
A5-8034,12/5/2016,VACCINATIONS,2
E3-1074,12/5/2016,VACCINATIONS,5
E2-8160,12/5/2016,VACCINATIONS,5
B2-6070,12/5/2016,VACCINATIONS,5
B1-4401,12/5/2016,VACCINATIONS,5
A6-6578,12/5/2016,VACCINATIONS,5
A2-1743,12/5/2016,VACCINATIONS,5
D7-5738,12/5/2016,VACCINATIONS,5
F1-9282,12/5/2016,VACCINATIONS,5
D5-8108,12/5/2016,VACCINATIONS,5
P9-6519,12/5/2016,VACCINATIONS,5
E0-8997,12/5/2016,VACCINATIONS,5
E6-5334,12/5/2016,VACCINATIONS,5
B9-8236,12/5/2016,GROOMING,1
D9-2890,12/5/2016,ORTHOPEDIC,3
C2-9806,12/5/2016,GENERAL SURGERIES,10
C8-1718,12/5/2016,GENERAL SURGERIES,9
A7-8365,12/5/2016,VACCINATIONS,5
B4-6505,12/5/2016,GROOMING,3
F0-7461,12/5/2016,GROOMING,3
E7-6146,12/5/2016,GROOMING,3
E1-5281,12/5/2016,GROOMING,3
A8-2142,12/5/2016,GROOMING,3
B6-2002,12/5/2016,GROOMING,1
A3-5311,12/5/2016,GROOMING,1
B7-3768,12/5/2016,GENERAL SURGERIES,3
B4-6678,12/6/2016,VACCINATIONS,5
C1-2370,12/7/2016,VACCINATIONS,5
A0-2508,12/7/2016,VACCINATIONS,5
F6-2647,12/7/2016,VACCINATIONS,5
B1-1976,12/7/2016,VACCINATIONS,5
A3-8298,12/7/2016,VACCINATIONS,5
A3-7134,12/7/2016,VACCINATIONS,5
B3-1677,12/7/2016,VACCINATIONS,5
F5-9073,12/7/2016,VACCINATIONS,5
C3-6962,12/7/2016,VACCINATIONS,5
C0-1983,12/7/2016,VACCINATIONS,5
B3-9470,12/7/2016,VACCINATIONS,5
D7-8063,12/7/2016,GENERAL SURGERIES,3
C6-2520,12/7/2016,GROOMING,3
A7-5227,12/7/2016,GROOMING,3
D6-2969,12/8/2016,VACCINATIONS,5
A9-9255,12/8/2016,VACCINATIONS,5
D0-9200,12/8/2016,VACCINATIONS,5
F4-4004,12/8/2016,VACCINATIONS,5
A7-9377,12/8/2016,VACCINATIONS,5
A3-6380,12/8/2016,VACCINATIONS,5
E5-1762,12/8/2016,GENERAL SURGERIES,17
C6-8113,12/8/2016,GENERAL SURGERIES,13
E9-1438,12/8/2016,GENERAL SURGERIES,4
B9-1197,12/8/2016,GROOMING,1
B2-3777,12/9/2016,ORTHOPEDIC,2
E6-2760,12/9/2016,VACCINATIONS,5
D8-8024,12/9/2016,VACCINATIONS,5
A8-2833,12/9/2016,VACCINATIONS,5
C6-5424,12/9/2016,VACCINATIONS,5
F4-7157,12/9/2016,GROOMING,1
D2-8077,12/9/2016,GROOMING,1
F5-9207,12/10/2016,VACCINATIONS,5
U4-9376,12/10/2016,VACCINATIONS,5
E1-8901,12/10/2016,VACCINATIONS,5
D9-2642,12/10/2016,VACCINATIONS,5
A9-5944,12/10/2016,VACCINATIONS,5
F6-4090,12/10/2016,VACCINATIONS,5
D1-9915,12/10/2016,VACCINATIONS,5
B4-2852,12/10/2016,VACCINATIONS,5
E5-1974,12/10/2016,VACCINATIONS,5
B1-6596,12/10/2016,VACCINATIONS,5
A3-2832,12/10/2016,VACCINATIONS,5
E9-9605,12/10/2016,OFFICE FEES,1
F9-1705,12/10/2016,GENERAL SURGERIES,19
F3-9876,12/10/2016,GENERAL SURGERIES,19
D7-9958,12/10/2016,GENERAL SURGERIES,14
D8-2206,12/10/2016,VACCINATIONS,6
F8-3593,12/10/2016,ORTHOPEDIC,1
E1-8642,12/10/2016,GROOMING,3
E4-5197,12/10/2016,GROOMING,3
D7-5985,12/10/2016,GROOMING,3
F6-9781,12/10/2016,GROOMING,3
A3-9397,12/10/2016,GROOMING,3
B3-6940,12/10/2016,GROOMING,1
A6-5133,12/10/2016,GROOMING,1
B5-7375,12/10/2016,GROOMING,1
E9-8835,12/10/2016,GROOMING,1
A9-4982,12/10/2016,GROOMING,1
B9-2983,12/10/2016,GROOMING,1
C6-7387,12/11/2016,GENERAL SURGERIES,1
D6-1986,12/11/2016,VACCINATIONS,5
B1-1238,12/11/2016,VACCINATIONS,5
E8-9475,12/11/2016,GENERAL SURGERIES,12
C0-7383,12/12/2016,VACCINATIONS,5
H2-8586,12/13/2016,VACCINATIONS,5
D4-8506,12/14/2016,VACCINATIONS,5
F2-3322,12/14/2016,VACCINATIONS,5
E2-8215,12/14/2016,HOSPITALIZATION,1
C3-1758,12/14/2016,GROOMING,3
C8-7191,12/15/2016,VACCINATIONS,5
B9-5167,12/15/2016,VACCINATIONS,5
E8-2691,12/15/2016,VACCINATIONS,5
F0-6222,12/15/2016,VACCINATIONS,5
C8-6872,12/15/2016,VACCINATIONS,5
D8-4121,12/15/2016,GROOMING,3
C3-6697,12/15/2016,GROOMING,1
B1-9802,12/15/2016,GENERAL SURGERIES,3
F0-1280,12/16/2016,VACCINATIONS,5
E3-5071,12/16/2016,VACCINATIONS,5
C7-7311,12/16/2016,VACCINATIONS,5
B6-6727,12/16/2016,VACCINATIONS,5
E2-2444,12/16/2016,VACCINATIONS,5
D5-4435,12/16/2016,VACCINATIONS,5
A7-3641,12/16/2016,VACCINATIONS,5
D6-8618,12/16/2016,VACCINATIONS,5
F5-4303,12/16/2016,VACCINATIONS,5
E4-9796,12/16/2016,VACCINATIONS,5
L4-6292,12/16/2016,VACCINATIONS,5
E4-9039,12/17/2016,VACCINATIONS,5
E1-1927,12/18/2016,VACCINATIONS,5
E9-3015,12/18/2016,VACCINATIONS,5
F2-9533,12/18/2016,VACCINATIONS,5
B8-4773,12/18/2016,VACCINATIONS,5
C8-5915,12/18/2016,VACCINATIONS,5
B9-6146,12/18/2016,VACCINATIONS,5
B1-1862,12/18/2016,VACCINATIONS,5
D7-3609,12/18/2016,GENERAL SURGERIES,15
E6-8162,12/18/2016,GENERAL SURGERIES,9
E7-1641,12/19/2016,VACCINATIONS,5
C6-3032,12/19/2016,VACCINATIONS,5
B6-8288,12/19/2016,VACCINATIONS,3
E7-1118,12/20/2016,VACCINATIONS,5
F4-7898,12/20/2016,VACCINATIONS,5
C3-6291,12/20/2016,GROOMING,3
B6-8863,12/21/2016,VACCINATIONS,5
E8-1905,12/21/2016,VACCINATIONS,5
C9-1919,12/21/2016,VACCINATIONS,5
D5-7321,12/21/2016,VACCINATIONS,5
B6-9456,12/21/2016,VACCINATIONS,5
E7-9436,12/21/2016,VACCINATIONS,5
F6-7379,12/21/2016,VACCINATIONS,5
A3-4631,12/21/2016,GENERAL SURGERIES,1
C2-9829,12/21/2016,ORTHOPEDIC,5
F6-5391,12/21/2016,GROOMING,1
C2-4285,12/22/2016,GENERAL SURGERIES,6
D0-8476,12/22/2016,VACCINATIONS,5
D0-9315,12/22/2016,VACCINATIONS,5
B2-8510,12/22/2016,VACCINATIONS,5
E5-2506,12/22/2016,VACCINATIONS,5
E2-7685,12/22/2016,VACCINATIONS,5
C9-6271,12/22/2016,VACCINATIONS,5
A4-7641,12/22/2016,VACCINATIONS,5
C4-9271,12/22/2016,VACCINATIONS,5
C5-4333,12/22/2016,VACCINATIONS,5
A2-5269,12/22/2016,VACCINATIONS,5
E9-7968,12/22/2016,HOSPITALIZATION,1
C7-1246,12/22/2016,GENERAL SURGERIES,4
C2-2532,12/22/2016,VACCINATIONS,2
A9-1586,12/22/2016,GENERAL SURGERIES,2
F0-7147,12/22/2016,GROOMING,3
A5-5782,12/22/2016,GROOMING,1
D3-3741,12/22/2016,GROOMING,1
B2-5302,12/23/2016,VACCINATIONS,5
B6-4144,12/23/2016,VACCINATIONS,5
E9-3748,12/23/2016,VACCINATIONS,5
E2-2487,12/23/2016,VACCINATIONS,5
F0-7245,12/23/2016,VACCINATIONS,5
A4-5480,12/23/2016,VACCINATIONS,5
A8-3865,12/24/2016,GROOMING,3
B9-9104,12/25/2016,VACCINATIONS,5
F1-3004,12/26/2016,VACCINATIONS,5
B6-3125,12/26/2016,VACCINATIONS,5
F5-2627,12/27/2016,GROOMING,1
F4-7865,12/27/2016,VACCINATIONS,5
E8-9343,12/27/2016,VACCINATIONS,5
B3-5587,12/27/2016,VACCINATIONS,5
C2-9879,12/27/2016,VACCINATIONS,5
A4-4119,12/27/2016,VACCINATIONS,5
B9-2073,12/27/2016,VACCINATIONS,5
D9-2344,12/27/2016,VACCINATIONS,5
F0-7506,12/27/2016,VACCINATIONS,5
B6-9219,12/27/2016,VACCINATIONS,5
D8-9986,12/27/2016,VACCINATIONS,5
C6-3021,12/27/2016,ORTHOPEDIC,3
D7-9820,12/27/2016,GROOMING,3
B1-6565,12/28/2016,VACCINATIONS,5
D2-9315,12/28/2016,VACCINATIONS,5
B2-7263,12/28/2016,VACCINATIONS,5
D0-5954,12/28/2016,VACCINATIONS,5
A7-2294,12/28/2016,VACCINATIONS,5
E7-6724,12/28/2016,VACCINATIONS,5
C3-9440,12/28/2016,VACCINATIONS,5
A1-3120,12/28/2016,VACCINATIONS,5
A7-7697,12/28/2016,VACCINATIONS,5
C3-5710,12/28/2016,VACCINATIONS,5
C0-5057,12/28/2016,VACCINATIONS,5
F7-6277,12/28/2016,GENERAL SURGERIES,8
A7-8244,12/28/2016,GROOMING,3
D9-4188,12/28/2016,GROOMING,1
D4-3402,12/28/2016,GROOMING,1
E2-1984,12/28/2016,GROOMING,1
D3-9673,12/28/2016,GROOMING,1
B5-7268,12/28/2016,GROOMING,1
B6-6442,12/28/2016,GROOMING,1
A3-6679,12/28/2016,GENERAL SURGERIES,3
E1-4929,12/29/2016,GENERAL SURGERIES,7
F9-5921,12/29/2016,VACCINATIONS,5
C7-8342,12/29/2016,GENERAL SURGERIES,17
B7-8911,12/30/2016,VACCINATIONS,5
B9-8490,12/30/2016,VACCINATIONS,5
A4-2573,12/30/2016,VACCINATIONS,5
B3-8317,12/30/2016,VACCINATIONS,5
C5-4291,12/30/2016,ORTHOPEDIC,3
C6-3299,12/31/2016,VACCINATIONS,5
A1-3879,12/31/2016,VACCINATIONS,5
